query_id,target_gene,exclusion_gene,disease,query_mode,profile,max_exclusion_penalty,n_candidates,n_exclusion_observed,n_exclusion_missing,exclusion_observed_fraction,exclusion_expr_min,exclusion_expr_max,exclusion_expr_range,n_unique_exclusion_expr,scaled_exclusion_mean,scaled_exclusion_median,scaled_exclusion_iqr,mean_final_score,final_score_std,min_final_score,max_final_score,zero_score_count,zero_score_fraction,top10_mean_scaled_exclusion,top10_high_exclusion_fraction_ge_0_8,n_unique_final_scores,largest_final_score_tie,tied_candidate_fraction,top10_with_ties_n,top10_cutoff_score,top10_cutoff_tie_size,top1_score_tie_size,largest_full_comparator_tie,candidate_set_same_as_P00,ranking_identical_to_P00,top10_jaccard_vs_P00,top10_entered_vs_P00,top10_left_vs_P00,top1_identical_to_P00,rank_spearman_vs_P00,mean_abs_rank_change_vs_P00,max_abs_rank_change_vs_P00,n_ranked_down_vs_P00,n_ranked_up_vs_P00,n_rank_unchanged_vs_P00
Q01_FGFR2_MET_GASTRIC,FGFR2,MET,gastric,GENE_MULTIOMICS,P00_no_penalty,0.0,43,43,0,1.0,-1.6987300204053046,2.717962921151329,4.416692941556634,43,0.4979892178591157,0.4920975592931516,0.17508810153833504,0.3367697674418605,0.19811044903342423,0.0802,0.9381,0,0.0,0.46981453671069684,0.0,43,1,0.0,10,0.45,1,1,1,True,True,1.0,0,0,True,1.0,0.0,0.0,0,0,43
Q01_FGFR2_MET_GASTRIC,FGFR2,MET,gastric,GENE_MULTIOMICS,P15_weak,0.15,43,43,0,1.0,-1.6987300204053046,2.717962921151329,4.416692941556634,43,0.4979892178591157,0.4920975592931516,0.17508810153833504,0.2639395348837209,0.20045301965337356,0.0,0.8696,2,0.046511627906976744,0.39815253643806203,0.0,42,2,0.046511627906976744,10,0.3716,1,1,2,True,False,0.8181818181818182,1,1,True,0.9650772083745968,2.2790697674418605,10.0,14,17,12
Q01_FGFR2_MET_GASTRIC,FGFR2,MET,gastric,GENE_MULTIOMICS,P30_team_baseline,0.3,43,43,0,1.0,-1.6987300204053046,2.717962921151329,4.416692941556634,43,0.4979892178591157,0.4920975592931516,0.17508810153833504,0.20461162790697676,0.19063588721093092,0.0,0.8011,10,0.23255813953488372,0.3710392358567419,0.0,34,10,0.23255813953488372,10,0.3041,1,1,6,True,False,0.6666666666666666,2,2,True,0.9208097931880718,3.395348837209302,16.0,17,19,7
Q01_FGFR2_MET_GASTRIC,FGFR2,MET,gastric,GENE_MULTIOMICS,P45_stress,0.45,43,43,0,1.0,-1.6987300204053046,2.717962921151329,4.416692941556634,43,0.4979892178591157,0.4920975592931516,0.17508810153833504,0.1537767441860465,0.17928415128233616,0.0,0.7325,14,0.32558139534883723,0.3238849926684213,0.0,30,14,0.32558139534883723,10,0.256,1,1,9,True,False,0.5384615384615384,3,3,True,0.8419063437350821,4.8604651162790695,21.5,19,22,2
Q02_ERBB2_ESR1_BREAST,ERBB2,ESR1,breast,GENE_MULTIOMICS,P00_no_penalty,0.0,73,73,0,1.0,-1.0223255623870044,6.799609771156073,7.8219353335430775,73,0.2863313632854408,0.17422548275640293,0.36850199051769866,0.5001657534246576,0.22002151589630742,0.0619,0.9773,0,0.0,0.2557245214014583,0.0,73,1,0.0,10,0.8392,1,1,1,True,True,1.0,0,0,True,1.0,0.0,0.0,0,0,73
Q02_ERBB2_ESR1_BREAST,ERBB2,ESR1,breast,GENE_MULTIOMICS,P15_weak,0.15,73,73,0,1.0,-1.0223255623870044,6.799609771156073,7.8219353335430775,73,0.2863313632854408,0.17422548275640293,0.36850199051769866,0.45721369863013706,0.21638448929996765,0.0516,0.9142,0,0.0,0.21504924595515584,0.0,73,1,0.0,10,0.7999,1,1,1,True,False,0.8181818181818182,1,1,True,0.9760273972602742,3.3698630136986303,13.0,23,44,6
Q02_ERBB2_ESR1_BREAST,ERBB2,ESR1,breast,GENE_MULTIOMICS,P30_team_baseline,0.3,73,73,0,1.0,-1.0223255623870044,6.799609771156073,7.8219353335430775,73,0.2863313632854408,0.17422548275640293,0.36850199051769866,0.4146643835616438,0.2184689435123778,0.0,0.8899,1,0.0136986301369863,0.21504924595515584,0.0,73,1,0.0,10,0.7418,1,1,1,True,False,0.8181818181818182,1,1,False,0.9223127236825868,6.383561643835616,23.0,26,46,1
Q02_ERBB2_ESR1_BREAST,ERBB2,ESR1,breast,GENE_MULTIOMICS,P45_stress,0.45,73,73,0,1.0,-1.0223255623870044,6.799609771156073,7.8219353335430775,73,0.2863313632854408,0.17422548275640293,0.36850199051769866,0.3744315068493151,0.22217803910853332,0.0,0.879,2,0.0273972602739726,0.16366051036436677,0.0,70,2,0.0821917808219178,10,0.7342,1,1,1,True,False,0.6666666666666666,2,2,False,0.8377183850443699,9.191780821917808,35.0,25,47,1
Q03_CD3E_CD86_BLOOD,CD3E,CD86,blood,GENE_MULTIOMICS,P00_no_penalty,0.0,239,239,0,1.0,-0.4830016367502353,5.607139635648773,6.090141272399008,224,0.32556328005748575,0.2539707976586475,0.5343497031813509,0.28643263598326363,0.22623417687048297,0.0619,0.925,0,0.0,0.1386362735499997,0.0,214,5,0.17154811715481172,10,0.8563,1,1,5,True,True,1.0,0,0,True,1.0,0.0,0.0,0,0,239
Q03_CD3E_CD86_BLOOD,CD3E,CD86,blood,GENE_MULTIOMICS,P15_weak,0.15,239,239,0,1.0,-0.4830016367502353,5.607139635648773,6.090141272399008,224,0.32556328005748575,0.2539707976586475,0.5343497031813509,0.23780167364016735,0.23546474653145766,0.0,0.9221,2,0.008368200836820083,0.024857018836805644,0.0,228,2,0.09205020920502092,10,0.8493,1,1,2,True,False,0.6666666666666666,2,2,True,0.8380533420493976,29.200836820083683,113.0,102,130,7
Q03_CD3E_CD86_BLOOD,CD3E,CD86,blood,GENE_MULTIOMICS,P30_team_baseline,0.3,239,239,0,1.0,-0.4830016367502353,5.607139635648773,6.090141272399008,224,0.32556328005748575,0.2539707976586475,0.5343497031813509,0.19822175732217573,0.24305910284622076,0.0,0.9192,39,0.16317991631799164,0.02485701883680564,0.0,196,39,0.20502092050209206,10,0.8459,1,1,17,True,False,0.6666666666666666,2,2,True,0.6666451751251063,44.0836820083682,128.0,100,133,6
Q03_CD3E_CD86_BLOOD,CD3E,CD86,blood,GENE_MULTIOMICS,P45_stress,0.45,239,239,0,1.0,-0.4830016367502353,5.607139635648773,6.090141272399008,224,0.32556328005748575,0.2539707976586475,0.5343497031813509,0.17240962343096236,0.24444954975619984,0.0,0.9163,71,0.29707112970711297,0.02485701883680564,0.0,164,71,0.3389121338912134,10,0.8407,1,1,33,True,False,0.6666666666666666,2,2,True,0.5475407394345503,51.60669456066945,153.0,100,134,5
Q04_ASGR1_AFP_LIVER,ASGR1,AFP,liver,GENE_MULTIOMICS,P00_no_penalty,0.0,25,25,0,1.0,-0.3844450453468169,10.680943736049146,11.065388781395963,25,0.24589465281494988,0.09093254113746113,0.29671989393325454,0.3516679999999999,0.28862843202983307,0.075,0.8925,0,0.0,0.5034677245821613,0.2,25,1,0.0,10,0.2567,1,1,1,True,True,1.0,0,0,True,1.0,0.0,0.0,0,0,25
Q04_ASGR1_AFP_LIVER,ASGR1,AFP,liver,GENE_MULTIOMICS,P15_weak,0.15,25,25,0,1.0,-0.3844450453468169,10.680943736049146,11.065388781395963,25,0.24589465281494988,0.09093254113746113,0.29671989393325454,0.314796,0.25487487201370007,0.0614,0.774,0,0.0,0.5034677245821613,0.2,25,1,0.0,10,0.2517,1,1,1,True,False,1.0,0,0,True,0.9892307692307692,0.64,3.0,5,6,14
Q04_ASGR1_AFP_LIVER,ASGR1,AFP,liver,GENE_MULTIOMICS,P30_team_baseline,0.3,25,25,0,1.0,-0.3844450453468169,10.680943736049146,11.065388781395963,25,0.24589465281494988,0.09093254113746113,0.29671989393325454,0.277892,0.22525938989529382,0.0443,0.7252,0,0.0,0.5034677245821613,0.2,24,2,0.08,10,0.2468,1,1,1,True,False,1.0,0,0,False,0.967493766694776,1.48,4.0,10,11,4
Q04_ASGR1_AFP_LIVER,ASGR1,AFP,liver,GENE_MULTIOMICS,P45_stress,0.45,25,25,0,1.0,-0.3844450453468169,10.680943736049146,11.065388781395963,25,0.24589465281494988,0.09093254113746113,0.29671989393325454,0.24101599999999998,0.20164298684556325,0.02,0.6801,0,0.0,0.40685134615165897,0.1,24,2,0.08,10,0.2238,1,1,1,True,False,0.8181818181818182,1,1,False,0.9347951702060859,2.24,5.0,11,13,1
Q05_MSLN_MUC1_LUNG,MSLN,MUC1,lung,GENE_MULTIOMICS,P00_no_penalty,0.0,236,236,0,1.0,-1.3002242120964689,2.7325699449243714,4.03279415702084,236,0.3979692753268494,0.37652076086437003,0.2997178635895368,0.35031737288135595,0.23272287002372866,0.0619,0.9119,0,0.0,0.6426467147635251,0.5,213,5,0.1694915254237288,10,0.817,1,1,5,True,True,1.0,0,0,True,1.0,0.0,0.0,0,0,236
Q05_MSLN_MUC1_LUNG,MSLN,MUC1,lung,GENE_MULTIOMICS,P15_weak,0.15,236,236,0,1.0,-1.3002242120964689,2.7325699449243714,4.03279415702084,236,0.3979692753268494,0.37652076086437003,0.2997178635895368,0.2908478813559322,0.22359153406531482,0.0,0.8532,3,0.012711864406779662,0.4385636444722751,0.2,227,3,0.07203389830508475,10,0.7314,1,1,3,True,False,0.42857142857142855,4,4,True,0.9691964730265968,11.792372881355933,62.0,101,127,8
Q05_MSLN_MUC1_LUNG,MSLN,MUC1,lung,GENE_MULTIOMICS,P30_team_baseline,0.3,236,236,0,1.0,-1.3002242120964689,2.7325699449243714,4.03279415702084,236,0.3979692753268494,0.37652076086437003,0.2997178635895368,0.23616525423728812,0.21364013436868776,0.0,0.809,26,0.11016949152542373,0.4158640111881227,0.1,207,26,0.1440677966101695,10,0.629,1,1,16,True,False,0.42857142857142855,4,4,False,0.9118696029811865,20.661016949152543,114.5,107,125,4
Q05_MSLN_MUC1_LUNG,MSLN,MUC1,lung,GENE_MULTIOMICS,P45_stress,0.45,236,236,0,1.0,-1.3002242120964689,2.7325699449243714,4.03279415702084,236,0.3979692753268494,0.37652076086437003,0.2997178635895368,0.19190847457627125,0.1972174168385053,0.0,0.7971,53,0.2245762711864407,0.30919919550525604,0.0,178,53,0.2711864406779661,10,0.5782,1,1,32,True,False,0.25,6,6,False,0.8477994030224707,27.940677966101696,122.0,106,127,3
