config,rna_w,protein_w,confidence_w,protein_mode,P@3,Recall@3,NDCG@3,P@5,Recall@5,NDCG@5,P@10,Recall@10,NDCG@10,MRR,neg_sink,n_genes,n_gold_positive,n_positive_found,positive_coverage,n_gold_negative,n_negative_found,distance_to_A0,distance_to_A1a,delta_NDCG@5_vs_A0,delta_NDCG@5_vs_A0_ci_low,delta_NDCG@5_vs_A0_ci_high,delta_MRR_vs_A0,delta_MRR_vs_A0_ci_low,delta_MRR_vs_A0_ci_high,delta_NDCG@10_vs_A0,delta_NDCG@10_vs_A0_ci_low,delta_NDCG@10_vs_A0_ci_high,delta_NDCG@5_vs_A1a,delta_NDCG@5_vs_A1a_ci_low,delta_NDCG@5_vs_A1a_ci_high,delta_MRR_vs_A1a,delta_MRR_vs_A1a_ci_low,delta_MRR_vs_A1a_ci_high,delta_NDCG@10_vs_A1a,delta_NDCG@10_vs_A1a_ci_low,delta_NDCG@10_vs_A1a_ci_high,unconstrained_best,best_NDCG@5_standard_error,one_se_threshold,eligible_one_se,selected_one_se
W_rna0.70_protein0.00_confidence0.30,0.7,0.0,0.3,direct_off,0.4,0.2547222222222222,0.4796835693239213,0.44000000000000006,0.4525,0.5385468772641369,0.35,0.7655555555555555,0.6187224055768885,0.7491666666666668,0.45105820105820105,10,48,48,1.0,2,2,0.5999999999999999,0.30000000000000004,0.0790031463457909,0.008679891541462226,0.17503564968362995,0.17222222222222222,0.013888888888888886,0.3388888888888889,-0.010402921005036364,-0.08867603115068581,0.062322854108771586,0.03580412057964173,-0.018907412723847317,0.10539426753693078,0.10555555555555554,0.002777777777777779,0.2513888888888889,-0.019592599799785802,-0.08509020369536517,0.04159939334877933,True,0.11318334085062348,0.4253635364135134,True,False
W_rna0.65_protein0.05_confidence0.30,0.65,0.05,0.3,full,0.36666666666666664,0.24361111111111108,0.45621963302278346,0.44000000000000006,0.4525,0.5361957019847267,0.35,0.7655555555555555,0.6154752412955395,0.7491666666666668,0.45105820105820105,10,48,48,1.0,2,2,0.5,0.3999999999999999,0.07665197106638073,0.008679891541462226,0.16837385234416216,0.17222222222222222,0.015277777777777776,0.33472222222222225,-0.013650085286385344,-0.08874853750427536,0.05616129917128815,0.03345294530023157,-0.017682819839859244,0.09833069737821931,0.10555555555555554,0.004166666666666666,0.25,-0.022839764081134785,-0.08832013791144472,0.03655268254830177,False,0.11318334085062348,0.4253635364135134,True,False
W_rna0.70_protein0.05_confidence0.25,0.7,0.05,0.25,full,0.4,0.26361111111111113,0.4796835693239213,0.42000000000000004,0.4413888888888889,0.5254263695129027,0.37,0.8030555555555555,0.633853334007705,0.7467857142857143,0.4738756613756614,10,48,48,1.0,2,2,0.4999999999999999,0.30000000000000004,0.06588263859455672,0.01265743252410414,0.13162523871891812,0.16984126984126985,0.006746031746031745,0.33651785714285704,0.004728007425780128,-0.05087831654510149,0.06268432445242826,0.022683612828407546,-0.011500685406728661,0.06677239548899398,0.10317460317460317,0.002777777777777779,0.2513888888888889,-0.004461671368969311,-0.049285840720695986,0.0426526014762607,False,0.11318334085062348,0.4253635364135134,True,False
W_rna0.75_protein0.00_confidence0.25,0.75,0.0,0.25,direct_off,0.4,0.26361111111111113,0.47353931452847264,0.42000000000000004,0.4413888888888889,0.5209857533031307,0.37,0.8030555555555555,0.6321741446330035,0.7467857142857143,0.4735449735449735,10,48,48,1.0,2,2,0.6,0.19999999999999998,0.06144202238478476,0.012517394053908847,0.1279277746766668,0.16984126984126985,0.00714285714285714,0.33650793650793653,0.0030488180510785555,-0.05348322260284302,0.05654225458254771,0.01824299661863558,-0.011494142048002453,0.055795178780362144,0.10317460317460317,0.001785714285714285,0.25,-0.006140860743670884,-0.04993132276249118,0.035969035214458475,False,0.11318334085062348,0.4253635364135134,True,False
W_rna0.50_protein0.25_confidence0.25,0.5,0.25,0.25,full,0.4,0.2602777777777778,0.45118846110799177,0.42000000000000004,0.4413888888888889,0.5048321976148569,0.37,0.8238888888888889,0.6219934974307157,0.6467857142857143,0.47619047619047616,10,48,48,1.0,2,2,0.20000000000000004,0.7,0.04528846669651097,0.0,0.09527928395184226,0.06984126984126984,0.002777777777777779,0.16985119047619035,-0.007131829151209107,-0.06415237972238087,0.04885679118646163,0.002089440930361802,-0.05348694041950093,0.05296347172140423,0.003174603174603169,-0.14682539682539683,0.15178571428571427,-0.016321507945958547,-0.09314090566787811,0.05044266896171858,False,0.11318334085062348,0.4253635364135134,True,False
W_rna0.55_protein0.20_confidence0.25,0.55,0.2,0.25,full,0.4,0.2602777777777778,0.45118846110799177,0.42000000000000004,0.4413888888888889,0.5048321976148569,0.35,0.7738888888888888,0.5998356572603842,0.6467857142857143,0.47585978835978837,10,48,48,1.0,2,2,0.19999999999999998,0.6,0.04528846669651097,0.0,0.09527928395184226,0.06984126984126984,0.001785714285714285,0.17023809523809524,-0.029289669321540562,-0.08548727209073327,0.026931298443229463,0.002089440930361802,-0.05348694041950093,0.055314647000814385,0.003174603174603169,-0.14821428571428572,0.15178571428571427,-0.03847934811629,-0.10689446046059854,0.020084739552070466,False,0.11318334085062348,0.4253635364135134,True,False
W_rna0.85_protein0.00_confidence0.15,0.85,0.0,0.15,direct_off,0.4333333333333333,0.28027777777777774,0.4685081426136809,0.42000000000000004,0.4413888888888889,0.5027427566844951,0.39,0.8480555555555556,0.6383150053766744,0.6436111111111111,0.5112433862433863,10,48,48,1.0,2,2,0.5999999999999999,0.0,0.04319902576614917,0.0,0.08794722788139948,0.06666666666666668,0.0,0.16666666666666669,0.00918967879474944,-0.04125228476502622,0.058846276798325506,0.0,0.0,0.0,0.0,0.0,0.0,0.0,0.0,0.0,False,0.11318334085062348,0.4253635364135134,True,True
W_rna0.80_protein0.05_confidence0.15,0.8,0.05,0.15,full,0.4333333333333333,0.28027777777777774,0.4685081426136809,0.42000000000000004,0.4413888888888889,0.5027427566844951,0.39,0.8480555555555556,0.6378853091779718,0.6436111111111111,0.5119047619047619,10,48,48,1.0,2,2,0.5,0.09999999999999994,0.04319902576614917,0.0,0.09407305655719157,0.06666666666666668,0.0,0.16666666666666669,0.008759982596046939,-0.04138098930675752,0.05948912739318535,0.0,0.0,0.0,0.0,0.0,0.0,-0.00042969619870250055,-0.002615600166810006,0.0013802870839535685,False,0.11318334085062348,0.4253635364135134,True,False
W_rna0.50_protein0.20_confidence0.30,0.5,0.2,0.3,full,0.4333333333333333,0.2936111111111111,0.4685081426136809,0.42000000000000004,0.4413888888888889,0.5021584558231316,0.34,0.7627777777777778,0.5946625801661491,0.6491666666666667,0.4523809523809524,10,48,48,1.0,2,2,0.30000000000000004,0.7000000000000001,0.042614724904785614,0.0032532016510830597,0.08924995068503679,0.07222222222222222,0.004166666666666666,0.17222222222222222,-0.03446274641577565,-0.08148570344643244,0.015539295330615406,-0.0005843008613635569,-0.05913333667729923,0.050874030791042434,0.00555555555555555,-0.14447916666666666,0.15138888888888888,-0.04365242521052509,-0.11176836748455166,0.01712670373974739,False,0.11318334085062348,0.4253635364135134,True,False
W_rna0.55_protein0.15_confidence0.30,0.55,0.15,0.3,full,0.4,0.2602777777777778,0.4450442063125431,0.42000000000000004,0.4413888888888889,0.49890525417204845,0.34,0.7627777777777778,0.5914039979548567,0.6491666666666667,0.4517195767195767,10,48,48,1.0,2,2,0.3,0.6,0.039361523253702554,-0.0028326159958776465,0.08639805153229836,0.07222222222222222,0.002777777777777779,0.1763888888888889,-0.037721328627068285,-0.08830412987208117,0.013675541068864969,-0.003837502512446617,-0.06238653832838228,0.050874030791042434,0.00555555555555555,-0.14444444444444443,0.15277777777777776,-0.046911007421817724,-0.1158881534418826,0.012676389868469534,False,0.11318334085062348,0.4253635364135134,True,False
W_rna0.60_protein0.10_confidence0.30,0.6,0.1,0.3,full,0.36666666666666664,0.24361111111111108,0.4215802700114052,0.42000000000000004,0.4413888888888889,0.49804040612567474,0.35,0.7738888888888888,0.5961000464199713,0.6491666666666667,0.45105820105820105,10,48,48,1.0,2,2,0.3999999999999999,0.5,0.03849667520732885,-0.0038375025124466277,0.08896893317912763,0.07222222222222222,0.004166666666666666,0.18333333333333335,-0.03302528016195366,-0.08941289056260039,0.02365815155384134,-0.004702350558820317,-0.06325138637475598,0.04852285551163228,0.00555555555555555,-0.14444444444444443,0.15416666666666665,-0.0422149589567031,-0.11131298929662706,0.02000465198419768,False,0.11318334085062348,0.4253635364135134,True,False
W_rna0.65_protein0.10_confidence0.25,0.65,0.1,0.25,full,0.36666666666666664,0.24361111111111108,0.4215802700114052,0.42000000000000004,0.4413888888888889,0.49804040612567474,0.34,0.7488888888888889,0.5820668547355522,0.6467857142857143,0.4742063492063492,10,48,48,1.0,2,2,0.3999999999999999,0.3999999999999999,0.03849667520732885,-0.0007248095761784145,0.0859962787130547,0.06984126984126984,0.001785714285714285,0.17084325396825384,-0.04705847184637267,-0.1108789619696653,0.017692307741661306,-0.004702350558820317,-0.060278731908683034,0.04852285551163227,0.003174603174603169,-0.14682539682539683,0.15178571428571427,-0.05624815064112211,-0.13318428828438464,0.014485478251107922,False,0.11318334085062348,0.4253635364135134,True,False
W_rna0.80_protein0.00_confidence0.20,0.8,0.0,0.2,direct_off,0.4333333333333333,0.28027777777777774,0.4796835693239213,0.4,0.4302777777777778,0.4976990267773978,0.38,0.8230555555555557,0.6319619321494322,0.6967857142857142,0.49537037037037035,10,48,48,1.0,2,2,0.6000000000000001,0.09999999999999995,0.03815529585905189,0.0,0.08034943510863206,0.11984126984126983,0.002777777777777779,0.27123015873015877,0.0028366055675073166,-0.05581466813620686,0.05926850825456855,-0.005043729907097278,-0.013924962326641182,0.0,0.05317460317460317,0.0,0.15357142857142855,-0.0063530732272421234,-0.03508352500710355,0.020097221252295523,False,0.11318334085062348,0.4253635364135134,True,False
W_rna0.75_protein0.05_confidence0.20,0.75,0.05,0.2,full,0.4,0.26361111111111113,0.45621963302278346,0.4,0.4302777777777778,0.4953478514979876,0.38,0.8230555555555557,0.6296132454393979,0.6967857142857142,0.49537037037037035,10,48,48,1.0,2,2,0.5,0.19999999999999998,0.035804120579641725,0.00632871626205207,0.0760488573690554,0.11984126984126983,0.001785714285714285,0.2847222222222222,0.00048791885747297983,-0.05396648315194421,0.055130856347929275,-0.007394905186507444,-0.017762464839087812,-0.0006031136973253248,0.05317460317460317,0.0013888888888888896,0.15357142857142855,-0.00870175993727646,-0.03729257088468166,0.016548101285276843,False,0.11318334085062348,0.4253635364135134,True,False
W_rna0.60_protein0.15_confidence0.25,0.6,0.15,0.25,full,0.4,0.2602777777777778,0.4450442063125431,0.4,0.4302777777777778,0.4872710736538507,0.35,0.7738888888888888,0.595153379655453,0.6467857142857143,0.474537037037037,10,48,48,1.0,2,2,0.29999999999999993,0.5,0.027727342735504833,-0.0023511752794101613,0.0662844114138004,0.06984126984126984,0.002777777777777779,0.18333333333333335,-0.03397194692647191,-0.0878524301984295,0.021052588990150944,-0.01547168303064433,-0.07104806438050706,0.03775352303980826,0.003174603174603169,-0.14682539682539683,0.15178571428571427,-0.04316162572122135,-0.11141374632927258,0.016584795601809445,False,0.11318334085062348,0.4253635364135134,True,False
W_rna0.65_protein0.20_confidence0.15,0.65,0.2,0.15,full,0.4333333333333333,0.28027777777777774,0.4450442063125431,0.42000000000000004,0.4413888888888889,0.48578474642081426,0.39,0.8480555555555556,0.6195496340539425,0.5769444444444445,0.5125661375661376,10,48,48,1.0,2,2,0.19999999999999996,0.39999999999999997,0.02624101550246837,0.0,0.06560253875617092,0.0,0.0,0.0,-0.009575692527982415,-0.04873647451493864,0.026365779587981364,-0.016958010263680802,-0.05531464700081436,0.008881232419543906,-0.06666666666666668,-0.16666666666666669,0.0,-0.018765371322731855,-0.05403095891767797,0.0036546078399370074,False,0.11318334085062348,0.4253635364135134,True,False
W_rna0.70_protein0.15_confidence0.15,0.7,0.15,0.15,full,0.4333333333333333,0.28027777777777774,0.43889995151709443,0.42000000000000004,0.4413888888888889,0.4813441302110423,0.38,0.8369444444444444,0.6097708348134419,0.5769444444444445,0.5125661375661376,10,48,48,1.0,2,2,0.29999999999999993,0.30000000000000004,0.021800399292696414,0.0,0.052482031004936716,0.0,0.0,0.0,-0.019354491768482973,-0.05553081460676772,0.015845856532637925,-0.021398626473452753,-0.05531464700081436,0.0,-0.06666666666666668,-0.16666666666666669,0.0,-0.028544170563232413,-0.06661050168684371,0.0005122698009315974,False,0.11318334085062348,0.4253635364135134,True,False
W_rna0.75_protein0.10_confidence0.15,0.75,0.1,0.15,full,0.4333333333333333,0.28027777777777774,0.43889995151709443,0.42000000000000004,0.4413888888888889,0.4813441302110423,0.37,0.8202777777777778,0.602135821857767,0.5769444444444445,0.5122354497354498,10,48,48,1.0,2,2,0.3999999999999999,0.19999999999999998,0.021800399292696414,0.0,0.052280690126855066,0.0,0.0,0.0,-0.026989504724157766,-0.057611773189721355,-0.00039622442399365185,-0.021398626473452753,-0.05531464700081436,0.0,-0.06666666666666668,-0.16666666666666669,0.0,-0.036179183518907206,-0.07623519294160636,0.0,False,0.11318334085062348,0.4253635364135134,True,False
W_rna0.85_protein0.05_confidence0.10,0.85,0.05,0.1,full,0.4333333333333333,0.28027777777777774,0.45621963302278346,0.4,0.4288888888888889,0.4786844611173975,0.36,0.7813888888888889,0.5966369623167049,0.6258333333333334,0.5228174603174603,10,48,48,1.0,2,2,0.5999999999999999,0.09999999999999999,0.019140730199051593,-0.02829757089878785,0.06513247980490158,0.04888888888888889,-0.0033333333333333296,0.15,-0.032488364265219935,-0.09503552318649777,0.02432826823738334,-0.024058295567097578,-0.05235586646588543,-0.004440616209771953,-0.017777777777777778,-0.05111111111111112,0.0,-0.041678043059969375,-0.08865077425398012,-0.00837882913898263,False,0.11318334085062348,0.4253635364135134,True,False
W_rna0.80_protein0.10_confidence0.10,0.8,0.1,0.1,full,0.36666666666666664,0.24916666666666668,0.40929176042050786,0.4,0.4288888888888889,0.4775249931879332,0.37,0.7980555555555556,0.6035533423279972,0.6174999999999999,0.5228174603174603,10,48,48,1.0,2,2,0.49999999999999994,0.19999999999999993,0.017981262269587232,-0.026241015502468358,0.06099731264699217,0.04055555555555556,-0.024999999999999994,0.1488888888888889,-0.025571984253927676,-0.08880019356751863,0.03105763832809999,-0.025217763496561935,-0.05340818145919681,0.0,-0.026111111111111106,-0.0761111111111111,0.0,-0.034761663048677116,-0.08279663926550691,-0.004483586795578459,False,0.11318334085062348,0.4253635364135134,True,False
W_rna0.55_protein0.25_confidence0.20,0.55,0.25,0.2,full,0.4333333333333333,0.28027777777777774,0.45118846110799177,0.4,0.4302777777777778,0.47710485487935206,0.4,0.8813888888888888,0.6377011167561528,0.5967857142857143,0.4976851851851852,10,48,48,1.0,2,2,0.1,0.6,0.01756112396100614,0.0,0.04380213946347452,0.019841269841269844,0.0,0.053184523809523675,0.008575790174227943,-0.01703311184690775,0.036000705733358895,-0.025637901805143026,-0.06883692757129219,0.008881232419543906,-0.046825396825396826,-0.1486111111111111,0.006746031746031745,-0.0006138886205214966,-0.048738074926277894,0.04250184917591019,False,0.11318334085062348,0.4253635364135134,True,False
W_rna0.60_protein0.20_confidence0.20,0.6,0.2,0.2,full,0.4333333333333333,0.28027777777777774,0.45118846110799177,0.4,0.4302777777777778,0.47710485487935206,0.39,0.8480555555555556,0.6252420855816195,0.5967857142857143,0.4966931216931217,10,48,48,1.0,2,2,0.19999999999999993,0.5,0.01756112396100614,0.0,0.04380213946347452,0.019841269841269844,0.0,0.05357142857142858,-0.003883241000305321,-0.0459691094986893,0.03521695004657381,-0.025637901805143026,-0.06783204105472321,0.008881232419543906,-0.046825396825396826,-0.1486111111111111,0.006746031746031745,-0.01307291979505476,-0.05113192628753818,0.010854601040328043,False,0.11318334085062348,0.4253635364135134,True,False
W_rna0.90_protein0.00_confidence0.10,0.9,0.0,0.1,direct_off,0.4333333333333333,0.28027777777777774,0.46236388781823223,0.38,0.41638888888888886,0.47297722404200815,0.37,0.7980555555555556,0.6109271161080921,0.6258333333333334,0.5221560846560847,10,48,48,1.0,2,2,0.7,0.10000000000000003,0.013433493123662288,-0.042613500849023156,0.07094473399099142,0.04888888888888889,-0.0033333333333333296,0.15,-0.018198210473832733,-0.08923283078094245,0.04840837651468358,-0.02976553264248688,-0.06560711314088949,0.0026042263181049814,-0.017777777777777778,-0.05222222222222221,0.0,-0.027387889268582172,-0.07695931200381582,0.004845246191426507,False,0.11318334085062348,0.4253635364135134,True,False
W_rna0.65_protein0.15_confidence0.20,0.65,0.15,0.2,full,0.4333333333333333,0.28027777777777774,0.4450442063125431,0.4,0.4302777777777778,0.4726642386695801,0.38,0.8313888888888888,0.6119347618224652,0.5967857142857143,0.4966931216931217,10,48,48,1.0,2,2,0.3,0.4,0.013120507751234186,0.0,0.034719566165848946,0.019841269841269844,0.0,0.053184523809523675,-0.017190564759459633,-0.05183711740825256,0.009257134724051892,-0.030078518014914978,-0.07327754378106413,0.0,-0.046825396825396826,-0.1486111111111111,0.006746031746031745,-0.026380243554209072,-0.06457137744399169,0.002313237346734448,False,0.11318334085062348,0.4253635364135134,True,False
W_rna0.70_protein0.10_confidence0.20,0.7,0.1,0.2,full,0.4,0.26361111111111113,0.4215802700114052,0.4,0.4302777777777778,0.47031306339016987,0.38,0.8313888888888888,0.6098370177385617,0.5967857142857143,0.4957010582010582,10,48,48,1.0,2,2,0.3999999999999999,0.30000000000000004,0.01076933247182402,0.0,0.02531486504820828,0.019841269841269844,0.0,0.05357142857142858,-0.01928830884336325,-0.05411051021180567,0.007374905096290079,-0.03242969329432514,-0.07327754378106413,0.0,-0.046825396825396826,-0.1486111111111111,0.006746031746031745,-0.02847798763811269,-0.06840577993233836,0.002264847026626804,False,0.11318334085062348,0.4253635364135134,True,False
W_rna0.65_protein0.25_confidence0.10,0.65,0.25,0.1,full,0.36666666666666664,0.24916666666666668,0.4154360152159565,0.38,0.41222222222222216,0.4673587744134345,0.38,0.8411111111111111,0.6195915343861398,0.6174999999999999,0.5241402116402116,10,48,48,1.0,2,2,0.19999999999999996,0.49999999999999994,0.00781504349508853,-0.02919530447920384,0.04247421618997074,0.04055555555555556,-0.026111111111111106,0.1488888888888889,-0.00953379219578512,-0.043592233969440196,0.025516615754126344,-0.03538398227106064,-0.06586930662717133,-0.006791791489182114,-0.026111111111111106,-0.0761111111111111,0.0,-0.01872347099053456,-0.06639645341797872,0.030663007551250884,False,0.11318334085062348,0.4253635364135134,True,False
W_rna0.60_protein0.30_confidence0.10,0.6,0.3,0.1,full,0.36666666666666664,0.24916666666666668,0.4154360152159565,0.38,0.41222222222222216,0.4673587744134345,0.37,0.8244444444444443,0.6099446543110242,0.6174999999999999,0.5248015873015873,10,48,48,1.0,2,2,0.09999999999999992,0.6000000000000001,0.00781504349508853,-0.02919530447920384,0.04247421618997074,0.04055555555555556,-0.024999999999999994,0.1488888888888889,-0.01918067227090077,-0.055042994952963664,0.018329346792830038,-0.03538398227106064,-0.06446329702001971,-0.008679891541462237,-0.026111111111111106,-0.0761111111111111,0.0,-0.028370351065650213,-0.0846272051760699,0.030573871899040733,False,0.11318334085062348,0.4253635364135134,True,False
W_rna0.70_protein0.20_confidence0.10,0.7,0.2,0.1,full,0.36666666666666664,0.24916666666666668,0.4154360152159565,0.38,0.41222222222222216,0.4673587744134345,0.37,0.8077777777777777,0.6069063263069748,0.6174999999999999,0.5231481481481481,10,48,48,1.0,2,2,0.2999999999999999,0.4,0.00781504349508853,-0.02919530447920384,0.04247421618997074,0.04055555555555556,-0.024999999999999994,0.15,-0.02221900027495012,-0.06457389922987894,0.020364745310593905,-0.03538398227106064,-0.06446329702001971,-0.008679891541462237,-0.026111111111111106,-0.0761111111111111,0.0,-0.03140867906969956,-0.06790630103000452,0.0044588461834373355,False,0.11318334085062348,0.4253635364135134,True,False
W_rna0.75_protein0.15_confidence0.10,0.75,0.15,0.1,full,0.36666666666666664,0.24916666666666668,0.40929176042050786,0.38,0.41222222222222216,0.4629181582036625,0.37,0.7980555555555556,0.6005818422225313,0.6174999999999999,0.5228174603174603,10,48,48,1.0,2,2,0.39999999999999997,0.29999999999999993,0.003374427285316578,-0.037473423201422426,0.04247421618997074,0.04055555555555556,-0.024999999999999994,0.1488888888888889,-0.028543484359393568,-0.090281895423604,0.02582837170416856,-0.03982459848083259,-0.07285740547248308,-0.006791791489182114,-0.026111111111111106,-0.0761111111111111,0.0,-0.037733163154143004,-0.0852300955639025,-0.006785926355098948,False,0.11318334085062348,0.4253635364135134,True,False
W_rna0.60_protein0.25_confidence0.15,0.6,0.25,0.15,full,0.4333333333333333,0.28027777777777774,0.4450442063125431,0.38,0.4136111111111111,0.4595437309183459,0.4,0.8772222222222222,0.6293395199722897,0.5769444444444445,0.5128968253968254,10,48,48,1.0,2,2,0.09999999999999992,0.5,0.0,0.0,0.0,0.0,0.0,0.0,0.00021419339036473639,-0.0017283003401709518,0.0021597511758109644,-0.04319902576614917,-0.08720250610770533,0.0,-0.06666666666666668,-0.16666666666666669,0.0,-0.008975485404384703,-0.059423673533868196,0.03980178119271066,False,0.11318334085062348,0.4253635364135134,True,False
W_rna0.55_protein0.30_confidence0.15,0.55,0.3,0.15,full,0.4333333333333333,0.28027777777777774,0.4450442063125431,0.38,0.4136111111111111,0.4595437309183459,0.4,0.8772222222222222,0.6291253265819249,0.5769444444444445,0.5132275132275133,10,48,48,1.0,2,2,0.0,0.5999999999999999,0.0,0.0,0.0,0.0,0.0,0.0,0.0,0.0,0.0,-0.04319902576614917,-0.08720250610770533,0.0,-0.06666666666666668,-0.18333333333333335,0.0,-0.00918967879474944,-0.059990150048341184,0.041248227440592,False,0.11318334085062348,0.4253635364135134,True,False
W_rna0.50_protein0.30_confidence0.20,0.5,0.3,0.2,full,0.4,0.2602777777777778,0.4215802700114052,0.38,0.4136111111111111,0.4571925556389358,0.38,0.8397222222222223,0.6106212981482484,0.5801190476190476,0.4983465608465608,10,48,48,1.0,2,2,0.10000000000000006,0.7,-0.0023511752794101613,-0.007053525838230485,0.0,0.0031746031746031746,0.0,0.007738095238095238,-0.018504028433676455,-0.04429817052890733,0.0023808417519053464,-0.04555020104555933,-0.09304980455128516,0.0,-0.06349206349206349,-0.16666666666666669,0.005952380952380954,-0.027693707228425894,-0.07983438062328443,0.023910129183028244,False,0.11318334085062348,0.4253635364135134,True,False
