panel,panel_stratum,config,description,n_genes,genes_with_protein,mean_candidates,ranking_identical_rate_vs_A0,top10_identical_rate_vs_A0,mean_top10_jaccard_vs_A0,top1_change_rate_vs_A0,mean_rank_spearman_vs_A0,mean_abs_rank_change_vs_A0,mean_abs_score_change_vs_A0,confidence_constant_rate,mean_final_score_std,mean_confidence_std,mean_largest_tie_size,mean_tied_candidate_fraction
coverage_stratified,ALL,A0_team_baseline,"Team baseline: RNA .55, protein .30, confidence .15",100,50,1481.86,1.0,1.0,1.0,0.0,1.0,0.0,0.0,0.25,0.08983831758366714,0.08392133484266577,384.64,0.6733323144833591
coverage_stratified,ALL,A1a_no_direct_protein,Remove direct protein; retain protein-derived confidence,100,50,1481.83,0.5,0.63,0.8578085803085803,0.18000000000000005,0.9879052100953755,17.71976951559833,0.003037882463097599,0.25,0.08976108428588103,0.08392156701754006,384.67,0.6724976242883426
coverage_stratified,ALL,A1b_no_protein_evidence,Remove direct protein and all protein-derived confidence,100,50,1481.83,0.22,0.5,0.8296108597285068,0.16000000000000003,0.9760649956736294,39.85056286056984,0.04827396813913677,0.25,0.08939810282788688,0.08166163875699446,384.74,0.6751726028391856
coverage_stratified,ALL,A1c_no_protein_confidence,Retain direct protein; remove protein-derived confidence only,100,50,1481.86,0.22,0.55,0.8577455877455877,0.15000000000000002,0.9850577123632722,35.79149681608479,0.0455799181303122,0.25,0.0896289910830043,0.08174914448798937,384.36,0.6724941757477434
coverage_stratified,ALL,A2_no_confidence,Remove the full confidence block; renormalise RNA/protein,100,50,1481.86,0.23,0.5,0.821578921078921,0.14,0.9187546349964522,87.98696419408603,0.04827367164418285,0.25,0.10312156690919441,0.08392133484266577,385.18,0.6563660411361804
coverage_stratified,ALL,A2a_no_conf_completeness,Remove completeness from confidence; renormalise retained components,100,50,1481.86,0.22,0.66,0.9369696969696969,0.040000000000000036,0.9942686392802236,19.388464249954506,0.005778502591165944,0.25,0.0905064997130688,0.1013282755816187,384.47,0.6703745368313976
coverage_stratified,ALL,A2b_no_conf_source_support,Remove source support from confidence; renormalise retained components,100,50,1481.86,0.21,0.62,0.9072084875908406,0.06999999999999995,0.9337505815652578,67.91506944919936,0.008311659663333462,0.5,0.08913571561100156,0.06089809502759195,385.45,0.6722647547624249
coverage_stratified,ALL,A2c_no_conf_consistency,Remove RNA-protein consistency; renormalise retained components,100,50,1481.86,0.23,0.78,0.9562878787878788,0.030000000000000027,0.9976442822991882,10.793407046380905,0.0029735967874957732,0.25,0.09040823799684874,0.09818663211296229,384.69,0.6690107916295227
coverage_stratified,ALL,A3_equal_bio,Equal RNA/protein biological weights,100,50,1481.86,0.5,0.76,0.9359324009324009,0.06000000000000005,0.9982529604081566,6.856802525982164,0.0012657070680401421,0.25,0.09049710029521098,0.08392133484266573,384.61,0.6715102786650428
coverage_stratified,ALL,A3b_reversed_bio,Protein biological weight greater than RNA,100,50,1481.86,0.5,0.64,0.8788609723609724,0.10999999999999999,0.9940288023896556,12.907424539739274,0.0025315000115932605,0.25,0.09149151189465174,0.08392133484266569,384.63,0.6688608625071683
coverage_stratified,ALL,A4_adaptive_trust,Team baseline plus gene-level adaptive RNA trust,100,50,1481.86,0.6,0.72,0.9009264069264069,0.08999999999999997,0.993773706241627,10.367828556719987,0.0020476164891457273,0.25,0.09132223182266412,0.08392133484266577,384.65,0.6702543380415514
coverage_stratified,ALL,A5_v3_structure,Flat v3 RNA/protein/consistency/completeness structure,100,50,1481.86,0.21,0.57,0.8813485142308672,0.08999999999999997,0.9302778745802759,75.21579856267253,0.013271588768283389,0.25,0.0945502605155359,0.08392133484266573,387.97,0.6632194330470027
coverage_stratified,ALL,A6_v3_full,Flat v3 structure plus adaptive trust,100,50,1481.86,0.21,0.52,0.8510119757693287,0.08999999999999997,0.9271840725220774,76.98363589279636,0.013970680996621535,0.25,0.09568117057163389,0.08392133484266573,387.94,0.6611578758819685
coverage_stratified,ALL,B0_rna_mean,RNA-only mean ranking; no protein or confidence in final score,100,50,1481.83,0.23,0.47,0.800932067932068,0.17000000000000004,0.9091780962203644,90.21005166813543,0.049334676702107234,0.25,0.10273360393289083,0.08166163875699428,385.5,0.6596753071908923
coverage_stratified,depmap_rna_only,A0_team_baseline,"Team baseline: RNA .55, protein .30, confidence .15",25,0,1412.0,1.0,1.0,1.0,0.0,1.0,0.0,0.0,1.0,0.06398526733601,1.099120794378905e-14,1011.2,0.9732577903682719
coverage_stratified,depmap_rna_only,A1a_no_direct_protein,Remove direct protein; retain protein-derived confidence,25,0,1412.0,1.0,1.0,1.0,0.0,1.0,0.0,0.0,1.0,0.06398526733601,1.099120794378905e-14,1011.2,0.9732577903682719
coverage_stratified,depmap_rna_only,A1b_no_protein_evidence,Remove direct protein and all protein-derived confidence,25,0,1412.0,0.8,1.0,1.0,0.0,0.9999997100301424,0.005580736543909348,0.04141680736543909,1.0,0.06399405956739046,8.770761894538737e-15,1011.2,0.9732577903682719
coverage_stratified,depmap_rna_only,A1c_no_protein_confidence,Retain direct protein; remove protein-derived confidence only,25,0,1412.0,0.8,1.0,1.0,0.0,0.9999997100301424,0.005580736543909348,0.04141680736543909,1.0,0.06399405956739046,8.770761894538737e-15,1011.2,0.9732577903682719
coverage_stratified,depmap_rna_only,A2_no_confidence,Remove the full confidence block; renormalise RNA/protein,25,0,1412.0,0.92,1.0,1.0,0.0,0.9999998821107061,0.0023512747875354106,0.056307073654390936,1.0,0.07528152584636782,1.099120794378905e-14,1011.2,0.9730878186968838
coverage_stratified,depmap_rna_only,A2a_no_conf_completeness,Remove completeness from confidence; renormalise retained components,25,0,1412.0,0.8,1.0,1.0,0.0,0.9999996552161707,0.007507082152974505,0.00878524079320113,1.0,0.06399263676656622,5.6066262743570405e-15,1011.2,0.9732577903682719
coverage_stratified,depmap_rna_only,A2b_no_conf_source_support,Remove source support from confidence; renormalise retained components,25,0,1412.0,0.84,1.0,1.0,0.0,0.9999996410373925,0.0058640226628895184,0.013107750708215299,1.0,0.06398928904588291,0.0,1011.2,0.9732011331444759
coverage_stratified,depmap_rna_only,A2c_no_conf_consistency,Remove RNA-protein consistency; renormalise retained components,25,0,1412.0,0.84,1.0,1.0,0.0,0.9999996410373925,0.0058640226628895184,0.004392249291784698,1.0,0.06398928904588275,5.828670879282072e-15,1011.2,0.9732011331444759
coverage_stratified,depmap_rna_only,A3_equal_bio,Equal RNA/protein biological weights,25,0,1412.0,1.0,1.0,1.0,0.0,1.0,0.0,0.0,1.0,0.06398526733601,1.099120794378905e-14,1011.2,0.9732577903682719
coverage_stratified,depmap_rna_only,A3b_reversed_bio,Protein biological weight greater than RNA,25,0,1412.0,1.0,1.0,1.0,0.0,1.0,0.0,0.0,1.0,0.06398526733601,1.099120794378905e-14,1011.2,0.9732577903682719
coverage_stratified,depmap_rna_only,A4_adaptive_trust,Team baseline plus gene-level adaptive RNA trust,25,0,1412.0,1.0,1.0,1.0,0.0,1.0,0.0,0.0,1.0,0.06398526733601,1.099120794378905e-14,1011.2,0.9732577903682719
coverage_stratified,depmap_rna_only,A5_v3_structure,Flat v3 RNA/protein/consistency/completeness structure,25,0,1412.0,0.84,1.0,1.0,0.0,0.9999998067469158,0.0035694050991501415,0.006052504249291781,1.0,0.06692533882851218,1.099120794378905e-14,1011.2,0.9732011331444759
coverage_stratified,depmap_rna_only,A6_v3_full,Flat v3 structure plus adaptive trust,25,0,1412.0,0.84,1.0,1.0,0.0,0.9999998067469158,0.0035694050991501415,0.006052504249291781,1.0,0.06692533882851218,1.099120794378905e-14,1011.2,0.9732011331444759
coverage_stratified,depmap_rna_only,B0_rna_mean,RNA-only mean ranking; no protein or confidence in final score,25,0,1412.0,0.92,1.0,1.0,0.0,0.9999998821107061,0.0023512747875354106,0.056307073654390936,1.0,0.07528152584636782,8.770761894538737e-15,1011.2,0.9730878186968838
coverage_stratified,multisource_rna_no_protein,A0_team_baseline,"Team baseline: RNA .55, protein .30, confidence .15",25,0,1495.24,1.0,1.0,1.0,0.0,1.0,0.0,0.0,0.0,0.08140700027995158,0.05401050441213682,360.88,0.7444253685762238
coverage_stratified,multisource_rna_no_protein,A1a_no_direct_protein,Remove direct protein; retain protein-derived confidence,25,0,1495.24,1.0,1.0,1.0,0.0,1.0,0.0,0.0,0.0,0.08140700027995158,0.05401050441213682,360.88,0.7444253685762238
coverage_stratified,multisource_rna_no_protein,A1b_no_protein_evidence,Remove direct protein and all protein-derived confidence,25,0,1495.24,0.08,0.68,0.9418181818181819,0.040000000000000036,0.9893023282347733,25.418853262689925,0.05052054910021011,0.0,0.08280903909928979,0.09600508583583173,360.16,0.7373182374255997
coverage_stratified,multisource_rna_no_protein,A1c_no_protein_confidence,Retain direct protein; remove protein-derived confidence only,25,0,1495.24,0.08,0.68,0.9418181818181819,0.040000000000000036,0.9893023282347733,25.418853262689925,0.05052054910021011,0.0,0.08280903909928979,0.09600508583583173,360.16,0.7373182374255997
coverage_stratified,multisource_rna_no_protein,A2_no_confidence,Remove the full confidence block; renormalise RNA/protein,25,0,1495.24,0.0,0.64,0.8848945564239681,0.040000000000000036,0.8601299400701394,114.22190778384982,0.05663742641461444,0.0,0.09472829494777535,0.05401050441213675,362.92,0.728263272057704
coverage_stratified,multisource_rna_no_protein,A2a_no_conf_completeness,Remove completeness from confidence; renormalise retained components,25,0,1495.24,0.08,0.72,0.9527272727272728,0.040000000000000036,0.9905094327502674,22.928566605229836,0.003926524097389024,0.0,0.08257267287128763,0.0899969319233092,360.32,0.7380710804464292
coverage_stratified,multisource_rna_no_protein,A2b_no_conf_source_support,Remove source support from confidence; renormalise retained components,25,0,1495.24,0.0,0.64,0.8848945564239681,0.040000000000000036,0.8602290809409479,114.12307657035592,0.0058826714096618824,1.0,0.08051969835909033,0.0,363.72,0.7412878450000627
coverage_stratified,multisource_rna_no_protein,A2c_no_conf_consistency,Remove RNA-protein consistency; renormalise retained components,25,0,1495.24,0.08,0.88,0.9781818181818182,0.0,0.9959416495328327,12.335976048590624,0.001963923144849426,0.0,0.08193568761878817,0.0720345813131014,361.16,0.7401669362364477
coverage_stratified,multisource_rna_no_protein,A3_equal_bio,Equal RNA/protein biological weights,25,0,1495.24,1.0,1.0,1.0,0.0,1.0,0.0,0.0,0.0,0.08140700027995158,0.05401050441213682,360.88,0.7444253685762238
coverage_stratified,multisource_rna_no_protein,A3b_reversed_bio,Protein biological weight greater than RNA,25,0,1495.24,1.0,1.0,1.0,0.0,1.0,0.0,0.0,0.0,0.08140700027995158,0.05401050441213682,360.88,0.7444253685762238
coverage_stratified,multisource_rna_no_protein,A4_adaptive_trust,Team baseline plus gene-level adaptive RNA trust,25,0,1495.24,1.0,1.0,1.0,0.0,1.0,0.0,0.0,0.0,0.08140700027995158,0.05401050441213682,360.88,0.7444253685762238
coverage_stratified,multisource_rna_no_protein,A5_v3_structure,Flat v3 RNA/protein/consistency/completeness structure,25,0,1495.24,0.0,0.64,0.8848945564239681,0.040000000000000036,0.8602761139636155,114.16529698350517,0.014338628552544612,0.0,0.0842143855897684,0.05401050441213675,363.08,0.7376790847882042
coverage_stratified,multisource_rna_no_protein,A6_v3_full,Flat v3 structure plus adaptive trust,25,0,1495.24,0.0,0.64,0.8848945564239681,0.040000000000000036,0.8602761139636155,114.16529698350517,0.014338628552544612,0.0,0.0842143855897684,0.05401050441213675,363.08,0.7376790847882042
coverage_stratified,multisource_rna_no_protein,B0_rna_mean,RNA-only mean ranking; no protein or confidence in final score,25,0,1495.24,0.0,0.64,0.8848945564239681,0.040000000000000036,0.8601299400701394,114.22190778384982,0.05663742641461444,0.0,0.09472829494777535,0.09600508583583175,362.92,0.728263272057704
coverage_stratified,protein_corr_high,A0_team_baseline,"Team baseline: RNA .55, protein .30, confidence .15",10,10,1513.0,1.0,1.0,1.0,0.0,1.0,0.0,0.0,0.0,0.13171564753993478,0.1833816096278455,8.5,0.35796430931923334
coverage_stratified,protein_corr_high,A1a_no_direct_protein,Remove direct protein; retain protein-derived confidence,10,10,1513.0,0.0,0.0,0.621003996003996,0.5,0.9749133995218566,47.236285525446135,0.008560687376074025,0.0,0.13205299522143094,0.18338160962784555,8.4,0.35571711830799735
coverage_stratified,protein_corr_high,A1b_no_protein_evidence,Remove direct protein and all protein-derived confidence,10,10,1513.0,0.0,0.0,0.6218781218781219,0.5,0.9538126516843131,77.57884996695307,0.04921317250495704,0.0,0.12903833153630934,0.11918386434811587,8.5,0.3715796430931923
coverage_stratified,protein_corr_high,A1c_no_protein_confidence,Retain direct protein; remove protein-derived confidence only,10,10,1513.0,0.0,0.1,0.6657009657009658,0.6,0.9743296414472056,65.34857898215465,0.04181904824851289,0.0,0.12873747487183107,0.11918386434811593,8.3,0.36635822868473233
coverage_stratified,protein_corr_high,A2_no_confidence,Remove the full confidence block; renormalise RNA/protein,10,10,1513.0,0.0,0.0,0.57821981939629,0.5,0.9534488143332027,90.48103106411102,0.035805168539325846,0.0,0.14775162912303588,0.18338160962784544,8.6,0.33529411764705885
coverage_stratified,protein_corr_high,A2a_no_conf_completeness,Remove completeness from confidence; renormalise retained components,10,10,1513.0,0.0,0.5,0.9090909090909092,0.0,0.9972371894044743,22.33218770654329,0.005383522802379378,0.0,0.13223578182645407,0.1890136267734568,8.3,0.3526768010575016
coverage_stratified,protein_corr_high,A2b_no_conf_source_support,Remove source support from confidence; renormalise retained components,10,10,1513.0,0.0,0.4,0.8606060606060606,0.30000000000000004,0.9938769781252045,32.858493060145406,0.007161123595505617,0.0,0.13081135464384527,0.17423732188101232,8.3,0.36437541308658294
coverage_stratified,protein_corr_high,A2c_no_conf_consistency,Remove RNA-protein consistency; renormalise retained components,10,10,1513.0,0.0,0.6,0.9121212121212121,0.0,0.9991381745518547,12.386913417052215,0.0029333509583608724,0.0,0.1326249032309544,0.2013613383732043,8.7,0.34534038334434897
coverage_stratified,protein_corr_high,A3_equal_bio,Equal RNA/protein biological weights,10,10,1513.0,0.0,0.5,0.8379953379953381,0.19999999999999996,0.9964308833669258,17.902974223397223,0.0035670654329147387,0.0,0.1328117724407257,0.18338160962784522,8.3,0.3519497686715135
coverage_stratified,protein_corr_high,A3b_reversed_bio,Protein biological weight greater than RNA,10,10,1513.0,0.0,0.2,0.7311688311688312,0.6,0.9873092849627559,34.05452742894911,0.007134183740912095,0.0,0.1346020031352642,0.1833816096278452,8.4,0.351685393258427
coverage_stratified,protein_corr_high,A4_adaptive_trust,Team baseline plus gene-level adaptive RNA trust,10,10,1513.0,1.0,1.0,1.0,0.0,1.0,0.0,0.0,0.0,0.13171564753993478,0.1833816096278455,8.5,0.35796430931923334
coverage_stratified,protein_corr_high,A5_v3_structure,Flat v3 RNA/protein/consistency/completeness structure,10,10,1513.0,0.0,0.2,0.8090909090909092,0.30000000000000004,0.9796426310975933,59.033575677462,0.018047587574355584,0.0,0.1403275414261398,0.18338160962784505,8.2,0.33879709187045604
coverage_stratified,protein_corr_high,A6_v3_full,Flat v3 structure plus adaptive trust,10,10,1513.0,0.0,0.2,0.8090909090909092,0.30000000000000004,0.9796426310975933,59.033575677462,0.018047587574355584,0.0,0.1403275414261398,0.18338160962784505,8.2,0.33879709187045604
coverage_stratified,protein_corr_high,B0_rna_mean,RNA-only mean ranking; no protein or confidence in final score,10,10,1513.0,0.0,0.0,0.5576007326007326,0.6,0.9345373787160696,98.58836748182419,0.039939590218109715,0.0,0.14802888825617957,0.11918386434811538,8.4,0.34084600132187703
coverage_stratified,protein_corr_low,A0_team_baseline,"Team baseline: RNA .55, protein .30, confidence .15",10,10,1513.0,1.0,1.0,1.0,0.0,1.0,0.0,0.0,0.0,0.09694211465012838,0.1856793967670106,26.2,0.40786516853932586
coverage_stratified,protein_corr_low,A1a_no_direct_protein,Remove direct protein; retain protein-derived confidence,10,10,1513.0,0.0,0.1,0.5668914418914419,0.5,0.9624662100693765,56.964177131526775,0.010002002643754131,0.0,0.09768984180916701,0.18567939676701067,26.4,0.40793126239259747
coverage_stratified,protein_corr_low,A1b_no_protein_evidence,Remove direct protein and all protein-derived confidence,10,10,1513.0,0.0,0.0,0.6096903096903097,0.5,0.924912107423455,97.0128222075347,0.049946906807666884,0.0,0.09460239297838793,0.11918386434811612,26.1,0.4218109715796431
coverage_stratified,protein_corr_low,A1c_no_protein_confidence,Retain direct protein; remove protein-derived confidence only,10,10,1513.0,0.0,0.0,0.6778221778221779,0.30000000000000004,0.9642006116674636,81.04791804362195,0.04100337739590219,0.0,0.09423559110683438,0.11918386434811608,26.0,0.4163912756113682
coverage_stratified,protein_corr_low,A2_no_confidence,Remove the full confidence block; renormalise RNA/protein,10,10,1513.0,0.0,0.0,0.621003996003996,0.09999999999999998,0.9282582290752472,118.32161269001983,0.0315759352280238,0.0,0.10714983280343718,0.18567939676701073,26.2,0.38704560475875743
coverage_stratified,protein_corr_low,A2a_no_conf_completeness,Remove completeness from confidence; renormalise retained components,10,10,1513.0,0.0,0.3,0.8727272727272728,0.19999999999999996,0.9961162080853734,26.200132187706544,0.005443212161269003,0.0,0.09745479056096358,0.1913733235739304,26.2,0.4051553205551883
coverage_stratified,protein_corr_low,A2b_no_conf_source_support,Remove source support from confidence; renormalise retained components,10,10,1513.0,0.0,0.2,0.8325757575757576,0.0,0.9848946850736254,44.14520819563781,0.007090046265697291,0.0,0.09589339834815619,0.1742560895274395,26.2,0.40568407138136153
coverage_stratified,protein_corr_low,A2c_no_conf_consistency,Remove RNA-protein consistency; renormalise retained components,10,10,1513.0,0.0,0.5,0.8939393939393939,0.09999999999999998,0.9986058105261982,14.797686715135493,0.0030393192333113025,0.0,0.09809051302823843,0.20514662552791157,26.3,0.39801718440185063
coverage_stratified,protein_corr_low,A3_equal_bio,Equal RNA/protein biological weights,10,10,1513.0,0.0,0.3,0.8296037296037296,0.09999999999999998,0.9934733292773468,23.942894910773298,0.004167514871116986,0.0,0.09865330265358044,0.18567939676701062,26.2,0.40277594183740917
coverage_stratified,protein_corr_low,A3b_reversed_bio,Protein biological weight greater than RNA,10,10,1513.0,0.0,0.1,0.6831834831834832,0.09999999999999998,0.9767678145195351,45.80786516853932,0.008335532055518837,0.0,0.10148378960166973,0.18567939676701062,26.2,0.3898215465961666
coverage_stratified,protein_corr_low,A4_adaptive_trust,Team baseline plus gene-level adaptive RNA trust,10,10,1513.0,0.0,0.0,0.5558441558441559,0.4,0.953085605192474,66.27640449438204,0.012836219431592863,0.0,0.10569051769925486,0.18567939676701065,26.2,0.3865168539325842
coverage_stratified,protein_corr_low,A5_v3_structure,Flat v3 RNA/protein/consistency/completeness structure,10,10,1513.0,0.0,0.1,0.723976023976024,0.0,0.9687601090383305,70.52022471910112,0.01755331130204891,0.0,0.10564477757109572,0.18567939676701076,26.4,0.38334434897554526
coverage_stratified,protein_corr_low,A6_v3_full,Flat v3 structure plus adaptive trust,10,10,1513.0,0.0,0.0,0.6069930069930071,0.09999999999999998,0.9457980046015733,83.52128222075348,0.022776979510905487,0.0,0.11196729348556977,0.18567939676701076,26.0,0.3721744877726372
coverage_stratified,protein_corr_low,B0_rna_mean,RNA-only mean ranking; no protein or confidence in final score,10,10,1513.0,0.0,0.0,0.6165168165168164,0.30000000000000004,0.87845833863758,132.26953073364177,0.03470811632518176,0.0,0.10740202301605936,0.11918386434811552,26.1,0.39068076668869794
coverage_stratified,protein_corr_mid,A0_team_baseline,"Team baseline: RNA .55, protein .30, confidence .15",10,10,1509.5,1.0,1.0,1.0,0.0,1.0,0.0,0.0,0.0,0.1024015476019005,0.17007905364856127,20.0,0.4002905357000716
coverage_stratified,protein_corr_mid,A1a_no_direct_protein,Remove direct protein; retain protein-derived confidence,10,10,1509.3,0.0,0.1,0.6225912975912975,0.5,0.9451735526103568,65.01166800555976,0.009322189058870101,0.0,0.10371528268808372,0.17008234963153443,20.2,0.39278614250121346
coverage_stratified,protein_corr_mid,A1b_no_protein_evidence,Remove direct protein and all protein-derived confidence,10,10,1509.3,0.0,0.2,0.6247485847485847,0.30000000000000004,0.9497410401966059,78.43703161131083,0.05064419103989454,0.0,0.10135841187927057,0.11435495215805672,20.2,0.40565971158720177
coverage_stratified,protein_corr_mid,A1c_no_protein_confidence,Retain direct protein; remove protein-derived confidence only,10,10,1509.5,0.0,0.2,0.6309024309024309,0.30000000000000004,0.9717052641016327,72.12854606043965,0.04214887015732841,0.0,0.10187130372670798,0.11493427264771691,20.3,0.40217872708068186
coverage_stratified,protein_corr_mid,A2_no_confidence,Remove the full confidence block; renormalise RNA/protein,10,10,1509.5,0.0,0.1,0.5922077922077922,0.30000000000000004,0.9420252283219159,105.06423902184675,0.030604291785133263,0.0,0.11622191293214575,0.17007905364856138,20.5,0.3623307518868945
coverage_stratified,protein_corr_mid,A2a_no_conf_completeness,Remove completeness from confidence; renormalise retained components,10,10,1509.5,0.0,0.2,0.8393939393939395,0.0,0.9954866402174412,27.407714333243597,0.005503573124039112,0.0,0.1035118099040742,0.17710724334526615,20.3,0.39732726832047377
coverage_stratified,protein_corr_mid,A2b_no_conf_source_support,Remove source support from confidence; renormalise retained components,10,10,1509.5,0.0,0.2,0.809090909090909,0.09999999999999998,0.9823494611828606,46.98129298000997,0.007168623821333738,0.0,0.10116861959639323,0.15782797431743512,21.0,0.3973163123028476
coverage_stratified,protein_corr_mid,A2c_no_conf_consistency,Remove RNA-protein consistency; renormalise retained components,10,10,1509.5,0.0,0.6,0.9272727272727274,0.09999999999999998,0.9981287758971042,16.11287452810867,0.0029468772443066718,0.0,0.10322678388771486,0.18974157540833309,20.5,0.39262834415668624
coverage_stratified,protein_corr_mid,A3_equal_bio,Equal RNA/protein biological weights,10,10,1509.5,0.0,0.5,0.8508158508158508,0.09999999999999998,0.9931028831330775,23.78943669970763,0.0038833800655930064,0.0,0.10403563230673071,0.1700790536485613,19.9,0.39437026152237664
coverage_stratified,protein_corr_mid,A3b_reversed_bio,Protein biological weight greater than RNA,10,10,1509.5,0.0,0.3,0.6948634698634699,0.09999999999999998,0.9780069763692634,43.539116739274505,0.007767023880540949,0.0,0.10674590723440906,0.17007905364856113,20.0,0.3811659349239384
coverage_stratified,protein_corr_mid,A4_adaptive_trust,Team baseline plus gene-level adaptive RNA trust,10,10,1509.5,0.0,0.3,0.7406926406926407,0.19999999999999996,0.9860527845430246,32.37277375957757,0.005811056897953417,0.0,0.10439991853100321,0.17007905364856127,20.1,0.39126890360224914
coverage_stratified,protein_corr_mid,A5_v3_structure,Flat v3 RNA/protein/consistency/completeness structure,10,10,1509.5,0.0,0.1,0.7757575757575758,0.19999999999999996,0.9696075814841196,70.14263956848495,0.015714211564725022,0.0,0.1076814398348678,0.1700790536485614,20.7,0.38020931807063185
coverage_stratified,protein_corr_mid,A6_v3_full,Flat v3 structure plus adaptive trust,10,10,1509.5,0.0,0.1,0.723976023976024,0.19999999999999996,0.9618752265548629,74.83636190454044,0.01669162066331755,0.0,0.10903508930624775,0.17007905364856135,20.8,0.37103948906500006
coverage_stratified,protein_corr_mid,B0_rna_mean,RNA-only mean ranking; no protein or confidence in final score,10,10,1509.3,0.0,0.1,0.5710539460539461,0.30000000000000004,0.9317160387902994,100.14506232793656,0.032384729789878865,0.0,0.11471414635249011,0.1143549521580565,20.6,0.3760163497206684
coverage_stratified,protein_no_reliable_corr,A0_team_baseline,"Team baseline: RNA .55, protein .30, confidence .15",20,20,1507.5,1.0,1.0,1.0,0.0,1.0,0.0,0.0,0.0,0.10192159850240183,0.08252351367643532,180.75,0.6364976169568595
coverage_stratified,protein_no_reliable_corr,A1a_no_direct_protein,Remove direct protein; retain protein-derived confidence,20,20,1507.45,0.0,0.55,0.8837995337995339,0.15000000000000002,0.9982494693760827,3.9927822467253096,0.0012469727761388653,0.0,0.1003360270501124,0.08252302655932027,180.75,0.637166911160189
coverage_stratified,protein_no_reliable_corr,A1b_no_protein_evidence,Remove direct protein and all protein-derived confidence,20,20,1507.45,0.0,0.3,0.7926230632112985,0.09999999999999998,0.9794645308848151,40.957919910907634,0.051546009937363094,0.0,0.10098707260910023,0.11194049606302725,182.1,0.6381178163235697
coverage_stratified,protein_no_reliable_corr,A1c_no_protein_confidence,Retain direct protein; remove protein-derived confidence only,20,20,1507.5,0.0,0.5,0.8742424242424243,0.09999999999999998,0.9835432553770653,37.91442003827352,0.05049224716862778,0.0,0.10221889722898458,0.11208836447317165,180.3,0.6317867283079863
coverage_stratified,protein_no_reliable_corr,A2_no_confidence,Remove the full confidence block; renormalise RNA/protein,20,20,1507.5,0.0,0.4,0.8560606060606061,0.19999999999999996,0.8567447613910213,140.22105575914463,0.05119503535841609,0.0,0.11753387112398365,0.08252351367643534,180.6,0.6128061050913114
coverage_stratified,protein_no_reliable_corr,A2a_no_conf_completeness,Remove completeness from confidence; renormalise retained components,20,20,1507.5,0.0,0.65,0.9333333333333333,0.050000000000000044,0.9887868175894257,30.3022120267973,0.004837652798748281,0.0,0.10272467037228081,0.11539811615762341,180.55,0.6351319006720296
coverage_stratified,protein_no_reliable_corr,A2b_no_conf_source_support,Remove source support from confidence; renormalise retained components,20,20,1507.5,0.0,0.65,0.9287878787878787,0.09999999999999998,0.8629064431625183,134.9216743868267,0.0071103738280525065,0.0,0.10110565750459381,0.05132978227501629,180.85,0.6345246527460542
coverage_stratified,protein_no_reliable_corr,A2c_no_conf_consistency,Remove RNA-protein consistency; renormalise retained components,20,20,1507.5,0.0,0.7,0.9420454545454545,0.050000000000000044,0.9953584177955819,16.89099781268944,0.0024629946736967846,0.0,0.10266386907995118,0.10276516426870312,180.25,0.6353509154700167
coverage_stratified,protein_no_reliable_corr,A3_equal_bio,Equal RNA/protein biological weights,20,20,1507.5,0.0,0.65,0.9204545454545455,0.09999999999999998,0.9997612541521079,1.4663597129717443,0.0005195551553883453,0.0,0.10299481325558449,0.08252351367643534,180.75,0.6358994586289445
coverage_stratified,protein_no_reliable_corr,A3b_reversed_bio,Protein biological weight greater than RNA,20,20,1507.5,0.0,0.4,0.8396969696969698,0.15000000000000002,0.9991019740225011,2.8363680303148997,0.0010391302194803604,0.0,0.1043013749676353,0.08252351367643532,180.75,0.635863926465956
coverage_stratified,protein_no_reliable_corr,A4_adaptive_trust,Team baseline plus gene-level adaptive RNA trust,20,20,1507.5,0.0,0.45,0.8563636363636364,0.15000000000000002,0.9992993363403857,2.514553656620152,0.0009144442809554962,0.0,0.10396778270827212,0.08252351367643532,180.75,0.6362927081001041
coverage_stratified,protein_no_reliable_corr,A5_v3_structure,Flat v3 RNA/protein/consistency/completeness structure,20,20,1507.5,0.0,0.6,0.8962121212121212,0.15000000000000002,0.8670393112031938,133.5196898450832,0.015211472618556682,0.0,0.10699976763877724,0.08252351367643529,194.35,0.6263215133608465
coverage_stratified,protein_no_reliable_corr,A6_v3_full,Flat v3 structure plus adaptive trust,20,20,1507.5,0.0,0.4,0.8289117132867133,0.09999999999999998,0.8669175305952072,133.51148657684837,0.015606395106522855,0.0,0.10881623522634007,0.08252351367643532,194.35,0.6261835726399458
coverage_stratified,protein_no_reliable_corr,B0_rna_mean,RNA-only mean ranking; no protein or confidence in final score,20,20,1507.45,0.0,0.25,0.7759563965446319,0.19999999999999996,0.8483723253037908,142.76845424567927,0.05197654025769438,0.0,0.11608321485941073,0.11194049606302699,182.3,0.6179161136456045
unfiltered_random,ALL,A0_team_baseline,"Team baseline: RNA .55, protein .30, confidence .15",100,19,1441.09,1.0,1.0,1.0,0.0,1.0,0.0,0.0,0.67,0.08244086933903723,0.03895000853972259,696.11,0.8090661382014087
unfiltered_random,ALL,A1a_no_direct_protein,Remove direct protein; retain protein-derived confidence,100,19,1440.99,0.81,0.85,0.9464035964035965,0.06999999999999995,0.9927903922866428,10.340041645890082,0.0019272632314191456,0.67,0.08243746918741975,0.03895244513670842,696.1,0.8101204149942204
unfiltered_random,ALL,A1b_no_protein_evidence,Remove direct protein and all protein-derived confidence,100,19,1440.99,0.46,0.77,0.9300224775224776,0.050000000000000044,0.9881444715994608,19.53806840861597,0.04457834406923725,0.68,0.08222804748105951,0.033792815620349755,697.01,0.8122522901253514
unfiltered_random,ALL,A1c_no_protein_confidence,Retain direct protein; remove protein-derived confidence only,100,19,1441.09,0.46,0.79,0.9460339660339661,0.06000000000000005,0.9940900607801737,15.935784298654776,0.04281669282713477,0.67,0.08230746776555468,0.03435584999402012,696.0,0.8099247897417503
unfiltered_random,ALL,A2_no_confidence,Remove the full confidence block; renormalise RNA/protein,100,19,1441.09,0.52,0.74,0.9226689976689976,0.06000000000000005,0.9715514337845503,32.8501829206019,0.05108280924019794,0.67,0.09593036473108302,0.03895000853972261,696.13,0.8003543820759343
unfiltered_random,ALL,A2a_no_conf_completeness,Remove completeness from confidence; renormalise retained components,100,19,1441.09,0.47,0.85,0.9720454545454545,0.020000000000000018,0.9983301844988022,7.744685814792596,0.007551007765403568,0.67,0.08269491029685795,0.04474440641259591,696.15,0.8094585082570432
unfiltered_random,ALL,A2b_no_conf_source_support,Remove source support from confidence; renormalise retained components,100,19,1441.09,0.5,0.78,0.9528088578088578,0.050000000000000044,0.9781405629260381,22.88152214441144,0.011024154873463794,0.81,0.08217703153908579,0.029485718460774413,696.22,0.809986979875247
unfiltered_random,ALL,A2c_no_conf_consistency,Remove RNA-protein consistency; renormalise retained components,100,19,1441.09,0.51,0.92,0.9854545454545455,0.010000000000000009,0.9992320410657208,4.446765531497231,0.0037957545616055448,0.67,0.08267737831810475,0.04522961678862921,696.05,0.8092424744757745
unfiltered_random,ALL,A3_equal_bio,Equal RNA/protein biological weights,100,19,1441.09,0.81,0.87,0.9647086247086247,0.010000000000000009,0.998957718553061,3.933315334366735,0.0008022034621289222,0.67,0.08282055392860821,0.03895000853972259,696.12,0.808433853600678
unfiltered_random,ALL,A3b_reversed_bio,Protein biological weight greater than RNA,100,19,1441.09,0.81,0.84,0.9436655011655012,0.050000000000000044,0.9965318119870935,7.310909843863345,0.0016043830143406248,0.67,0.08340956173698576,0.03895000853972258,696.1,0.807741785065851
unfiltered_random,ALL,A4_adaptive_trust,Team baseline plus gene-level adaptive RNA trust,100,19,1441.09,0.89,0.9,0.9582042957042957,0.06000000000000005,0.9963746808745507,5.79341039516489,0.001330820333537544,0.67,0.08331156960508695,0.038950008539722615,696.09,0.8080334287167098
unfiltered_random,ALL,A5_v3_structure,Flat v3 RNA/protein/consistency/completeness structure,100,19,1441.09,0.53,0.76,0.9448601398601398,0.050000000000000044,0.9752230432804041,27.85794856278008,0.009403907863783603,0.67,0.08658426239510648,0.03895000853972255,696.18,0.8068515615950888
unfiltered_random,ALL,A6_v3_full,Flat v3 structure plus adaptive trust,100,19,1441.09,0.53,0.75,0.9237903762903763,0.06999999999999995,0.9731137141541892,29.49750099331663,0.01001351226911021,0.67,0.08725675781760923,0.03895000853972255,696.18,0.80542963849464
unfiltered_random,ALL,B0_rna_mean,RNA-only mean ranking; no protein or confidence in final score,100,19,1440.99,0.52,0.73,0.9130586080586082,0.06000000000000005,0.9664297849476897,35.0895484529019,0.05208522918155887,0.68,0.09574725772663685,0.03379281562034973,697.13,0.8044185532707695
unfiltered_random,unfiltered_random,A0_team_baseline,"Team baseline: RNA .55, protein .30, confidence .15",100,19,1441.09,1.0,1.0,1.0,0.0,1.0,0.0,0.0,0.67,0.08244086933903723,0.03895000853972259,696.11,0.8090661382014087
unfiltered_random,unfiltered_random,A1a_no_direct_protein,Remove direct protein; retain protein-derived confidence,100,19,1440.99,0.81,0.85,0.9464035964035965,0.06999999999999995,0.9927903922866428,10.340041645890082,0.0019272632314191456,0.67,0.08243746918741975,0.03895244513670842,696.1,0.8101204149942204
unfiltered_random,unfiltered_random,A1b_no_protein_evidence,Remove direct protein and all protein-derived confidence,100,19,1440.99,0.46,0.77,0.9300224775224776,0.050000000000000044,0.9881444715994608,19.53806840861597,0.04457834406923725,0.68,0.08222804748105951,0.033792815620349755,697.01,0.8122522901253514
unfiltered_random,unfiltered_random,A1c_no_protein_confidence,Retain direct protein; remove protein-derived confidence only,100,19,1441.09,0.46,0.79,0.9460339660339661,0.06000000000000005,0.9940900607801737,15.935784298654776,0.04281669282713477,0.67,0.08230746776555468,0.03435584999402012,696.0,0.8099247897417503
unfiltered_random,unfiltered_random,A2_no_confidence,Remove the full confidence block; renormalise RNA/protein,100,19,1441.09,0.52,0.74,0.9226689976689976,0.06000000000000005,0.9715514337845503,32.8501829206019,0.05108280924019794,0.67,0.09593036473108302,0.03895000853972261,696.13,0.8003543820759343
unfiltered_random,unfiltered_random,A2a_no_conf_completeness,Remove completeness from confidence; renormalise retained components,100,19,1441.09,0.47,0.85,0.9720454545454545,0.020000000000000018,0.9983301844988022,7.744685814792596,0.007551007765403568,0.67,0.08269491029685795,0.04474440641259591,696.15,0.8094585082570432
unfiltered_random,unfiltered_random,A2b_no_conf_source_support,Remove source support from confidence; renormalise retained components,100,19,1441.09,0.5,0.78,0.9528088578088578,0.050000000000000044,0.9781405629260381,22.88152214441144,0.011024154873463794,0.81,0.08217703153908579,0.029485718460774413,696.22,0.809986979875247
unfiltered_random,unfiltered_random,A2c_no_conf_consistency,Remove RNA-protein consistency; renormalise retained components,100,19,1441.09,0.51,0.92,0.9854545454545455,0.010000000000000009,0.9992320410657208,4.446765531497231,0.0037957545616055448,0.67,0.08267737831810475,0.04522961678862921,696.05,0.8092424744757745
unfiltered_random,unfiltered_random,A3_equal_bio,Equal RNA/protein biological weights,100,19,1441.09,0.81,0.87,0.9647086247086247,0.010000000000000009,0.998957718553061,3.933315334366735,0.0008022034621289222,0.67,0.08282055392860821,0.03895000853972259,696.12,0.808433853600678
unfiltered_random,unfiltered_random,A3b_reversed_bio,Protein biological weight greater than RNA,100,19,1441.09,0.81,0.84,0.9436655011655012,0.050000000000000044,0.9965318119870935,7.310909843863345,0.0016043830143406248,0.67,0.08340956173698576,0.03895000853972258,696.1,0.807741785065851
unfiltered_random,unfiltered_random,A4_adaptive_trust,Team baseline plus gene-level adaptive RNA trust,100,19,1441.09,0.89,0.9,0.9582042957042957,0.06000000000000005,0.9963746808745507,5.79341039516489,0.001330820333537544,0.67,0.08331156960508695,0.038950008539722615,696.09,0.8080334287167098
unfiltered_random,unfiltered_random,A5_v3_structure,Flat v3 RNA/protein/consistency/completeness structure,100,19,1441.09,0.53,0.76,0.9448601398601398,0.050000000000000044,0.9752230432804041,27.85794856278008,0.009403907863783603,0.67,0.08658426239510648,0.03895000853972255,696.18,0.8068515615950888
unfiltered_random,unfiltered_random,A6_v3_full,Flat v3 structure plus adaptive trust,100,19,1441.09,0.53,0.75,0.9237903762903763,0.06999999999999995,0.9731137141541892,29.49750099331663,0.01001351226911021,0.67,0.08725675781760923,0.03895000853972255,696.18,0.80542963849464
unfiltered_random,unfiltered_random,B0_rna_mean,RNA-only mean ranking; no protein or confidence in final score,100,19,1440.99,0.52,0.73,0.9130586080586082,0.06000000000000005,0.9664297849476897,35.0895484529019,0.05208522918155887,0.68,0.09574725772663685,0.03379281562034973,697.13,0.8044185532707695
