gene,expected_cell_line,expected_depmap_id,relation,benchmark_task,evidence_type,source_url,evidence_summary,source_hint,verified,notes
AFP,Caco-2,ACH-000003,positive,expression_suitability,rna_expression,https://www.cellosaurus.org/CVCL_0025;https://pubmed.ncbi.nlm.nih.gov/1691194/;https://pdfs.semanticscholar.org/25be/952730cfaed18a30881b2032a4efe5ce277a.pdf,"Cellosaurus confirms Caco-2 as CVCL_0025 and maps it to DepMap ACH-000003. An independent study directly analyzed AFP RNA with an AFP-specific probe and reported that Caco-2 expressed AFP mRNA at a level comparable with Hep3B, although lower than HepG2.","Cellosaurus confirms Caco-2 as CVCL_0025 and maps it to DepMap ACH-000003. An independent study directly analyzed AFP RNA with an AFP-specific probe and reported that Caco-2 expressed AFP mRNA at a level comparable with Hep3B, although lower than HepG2.; Sources: https://www.cellosaurus.org/CVCL_0025;https://pubmed.ncbi.nlm.nih.gov/1691194/;https://pdfs.semanticscholar.org/25be/952730cfaed18a30881b2032a4efe5ce277a.pdf",yes,"Suitable as an AFP RNA-expression positive reference. The evidence supports endogenous AFP transcription but does not independently establish AFP protein secretion. The slow-growth and discontinued-provider flags affect practical use, not the RNA-positive biological label."
AFP,GCIY,ACH-000047,positive,expression_suitability,rna_expression;protein_expression,https://www.cellosaurus.org/CVCL_1228;https://pmc.ncbi.nlm.nih.gov/articles/PMC8805175/,"Cellosaurus confirms that GCIY is CVCL_1228, maps it to DepMap ACH-000047 and identifies it as a gastric adenocarcinoma cell line that produces AFP. An independent study described abundant AFP expression in GCIY and directly evaluated AFP at the mRNA and protein levels using RT-qPCR and western blotting.","Cellosaurus confirms that GCIY is CVCL_1228, maps it to DepMap ACH-000047 and identifies it as a gastric adenocarcinoma cell line that produces AFP. An independent study described abundant AFP expression in GCIY and directly evaluated AFP at the mRNA and protein levels using RT-qPCR and western blotting.; Sources: https://www.cellosaurus.org/CVCL_1228;https://pmc.ncbi.nlm.nih.gov/articles/PMC8805175/",yes,Suitable as an AFP RNA- and protein-expression positive gastric cancer reference. The independent experimental study directly measured both expression modalities. The absence of a local proteomics value represents missing internal coverage and does not contradict the external protein evidence. Local RNA values are retained only as consistency checks.
AFP,Huh-7,ACH-000480,positive,expression_suitability,protein_expression,https://www.cellosaurus.org/CVCL_0336;https://pubmed.ncbi.nlm.nih.gov/2422726/,"Cellosaurus confirms that Huh-7 is CVCL_0336, maps it to DepMap ACH-000480 and identifies it as an adult hepatocellular carcinoma cell line. An independent flow-cytometry study described Huh-7 as an AFP-producing human hepatoma cell line and directly detected intracellular AFP using indirect immunofluorescence.","Cellosaurus confirms that Huh-7 is CVCL_0336, maps it to DepMap ACH-000480 and identifies it as an adult hepatocellular carcinoma cell line. An independent flow-cytometry study described Huh-7 as an AFP-producing human hepatoma cell line and directly detected intracellular AFP using indirect immunofluorescence.; Sources: https://www.cellosaurus.org/CVCL_0336;https://pubmed.ncbi.nlm.nih.gov/2422726/",yes,Suitable as an AFP protein-expression positive reference. The study directly demonstrates intracellular AFP and discusses AFP production and secretion. The local RNA and proteomics values are retained only as consistency checks and are not used as the external benchmark label.
AFP,Hep 3B2.1-7,ACH-000625,positive,expression_suitability,rna_expression;protein_expression,https://www.cellosaurus.org/CVCL_0326;https://pmc.ncbi.nlm.nih.gov/articles/PMC7473475/,"Cellosaurus confirms that Hep 3B2.1-7 is CVCL_0326 and maps it to DepMap ACH-000625. An independent study described Hep3B as expressing AFP at a high level and directly evaluated AFP using western blotting, ELISA and qRT-PCR.","Cellosaurus confirms that Hep 3B2.1-7 is CVCL_0326 and maps it to DepMap ACH-000625. An independent study described Hep3B as expressing AFP at a high level and directly evaluated AFP using western blotting, ELISA and qRT-PCR.; Sources: https://www.cellosaurus.org/CVCL_0326;https://pmc.ncbi.nlm.nih.gov/articles/PMC7473475/",yes,"Suitable as a strong AFP RNA- and protein-expression positive reference. The independent study directly measured AFP using three complementary assays. Hep 3B2.1-7 contains an integrated hepatitis B virus genome, which should be disclosed as biological context but does not invalidate the AFP-positive label. Local RNA and proteomics values are retained only as consistency checks."
AFP,Fu97,ACH-000633,positive,expression_suitability,rna_expression;protein_expression,https://www.cellosaurus.org/CVCL_2908;https://pmc.ncbi.nlm.nih.gov/articles/PMC10375854/,"Cellosaurus confirms that Fu97 is CVCL_2908, maps it to DepMap ACH-000633 and identifies it as a gastric adenocarcinoma cell line that produces high levels of AFP. An independent study found significantly higher AFP expression in Fu97 than in comparator gastric cancer cell lines at both the mRNA and protein levels and confirmed cytoplasmic AFP by immunofluorescence.","Cellosaurus confirms that Fu97 is CVCL_2908, maps it to DepMap ACH-000633 and identifies it as a gastric adenocarcinoma cell line that produces high levels of AFP. An independent study found significantly higher AFP expression in Fu97 than in comparator gastric cancer cell lines at both the mRNA and protein levels and confirmed cytoplasmic AFP by immunofluorescence.; Sources: https://www.cellosaurus.org/CVCL_2908;https://pmc.ncbi.nlm.nih.gov/articles/PMC10375854/",yes,Suitable as a strong AFP expression-positive gastric cancer reference. The independent study directly measured AFP RNA and protein and confirmed its cellular localization. The absence of a local proteomics value represents missing internal coverage and does not contradict the external protein evidence. Local RNA values are retained only as consistency checks.
AFP,JHH-5,ACH-000734,positive,expression_suitability,protein_expression,https://www.cellosaurus.org/CVCL_0364;https://cellbank.nibn.go.jp/~cellbank/en/search_res_det.cgi?ID=2134,"Cellosaurus confirms that JHH-5 is CVCL_0364, maps it to DepMap ACH-000734 and identifies it as an adult hepatocellular carcinoma cell line. The JCRB cell-bank record reports AFP at 110 ng/mL over 48 hours in the cell-culture supernatant, directly demonstrating AFP secretion.","Cellosaurus confirms that JHH-5 is CVCL_0364, maps it to DepMap ACH-000734 and identifies it as an adult hepatocellular carcinoma cell line. The JCRB cell-bank record reports AFP at 110 ng/mL over 48 hours in the cell-culture supernatant, directly demonstrating AFP secretion.; Sources: https://www.cellosaurus.org/CVCL_0364;https://cellbank.nibn.go.jp/~cellbank/en/search_res_det.cgi?ID=2134",yes,Suitable as an AFP protein-expression positive reference. The reported AFP concentration in culture supernatant provides direct quantitative secretion evidence. Distribution restrictions or discontinued-provider annotations do not invalidate the biological expression label. Local RNA and proteomics values are retained only as consistency checks.
AFP,Hep-G2,ACH-000739,positive,expression_suitability,protein_expression,https://www.cellosaurus.org/CVCL_0027;https://pubmed.ncbi.nlm.nih.gov/2990578/,"Cellosaurus confirms that Hep-G2 is CVCL_0027 and maps it to DepMap ACH-000739, while noting that the line is misclassified and is now considered hepatoblastoma rather than hepatocellular carcinoma. An independent pulse-chase and immunoisolation study directly demonstrated rapid secretion of alpha-fetoprotein by Hep-G2 cells.","Cellosaurus confirms that Hep-G2 is CVCL_0027 and maps it to DepMap ACH-000739, while noting that the line is misclassified and is now considered hepatoblastoma rather than hepatocellular carcinoma. An independent pulse-chase and immunoisolation study directly demonstrated rapid secretion of alpha-fetoprotein by Hep-G2 cells.; Sources: https://www.cellosaurus.org/CVCL_0027;https://pubmed.ncbi.nlm.nih.gov/2990578/",yes,"Suitable as an AFP protein-expression positive reference, but not as an adult hepatocellular carcinoma-specific model. Reports must disclose that Hep-G2 is a hepatoblastoma-derived, historically misclassified cell line. Local RNA and proteomics values are used only as consistency checks."
AFP,JHH-7,ACH-000848,positive,expression_suitability,protein_expression,https://www.cellosaurus.org/CVCL_2805;https://pubmed.ncbi.nlm.nih.gov/1707654/,"Cellosaurus confirms that JHH-7 is CVCL_2805, maps it to DepMap ACH-000848 and identifies it as an adult hepatocellular carcinoma cell line. The original characterization study reported that JHH-7 functionally synthesized and secreted AFP together with albumin, CEA and ferritin.","Cellosaurus confirms that JHH-7 is CVCL_2805, maps it to DepMap ACH-000848 and identifies it as an adult hepatocellular carcinoma cell line. The original characterization study reported that JHH-7 functionally synthesized and secreted AFP together with albumin, CEA and ferritin.; Sources: https://www.cellosaurus.org/CVCL_2805;https://pubmed.ncbi.nlm.nih.gov/1707654/",yes,Suitable as an AFP protein-expression positive reference. The original study directly establishes AFP synthesis and secretion. JHH-7 contains integrated incomplete HBV genomes but does not secrete HBsAg; this annotation does not invalidate the AFP expression label. Local RNA and proteomics values are retained only as consistency checks.
ALB,Hep-G2,ACH-000739,positive,expression_suitability,protein_secretion,https://www.cellosaurus.org/CVCL_0027;https://www.sciencedirect.com/science/article/pii/S0021925818326814,Cellosaurus confirms the Hep-G2 identity and DepMap accession and classifies the cell line as hepatoblastoma rather than hepatocellular carcinoma. An independent study showed that untreated Hep-G2 cells secreted predominantly fully processed serum albumin.,Cellosaurus confirms the Hep-G2 identity and DepMap accession and classifies the cell line as hepatoblastoma rather than hepatocellular carcinoma. An independent study showed that untreated Hep-G2 cells secreted predominantly fully processed serum albumin.; Sources: https://www.cellosaurus.org/CVCL_0027;https://www.sciencedirect.com/science/article/pii/S0021925818326814,yes,"Valid as an ALB secretion-positive reference, but not as a lineage-clean hepatocellular carcinoma model. Retain the Cellosaurus misclassification warning when interpreting disease-specific suitability."
AR,VCaP,ACH-000115,positive,both,gene_amplification;protein_expression,https://www.cellosaurus.org/CVCL_2235;https://pmc.ncbi.nlm.nih.gov/articles/PMC8745706/;https://pmc.ncbi.nlm.nih.gov/articles/PMC4909395/,"Cellosaurus confirms the VCaP identity and DepMap accession. An independent droplet-digital PCR study confirmed high-level AR gene amplification in VCaP, while a separate study experimentally detected AR protein by western blotting.","Cellosaurus confirms the VCaP identity and DepMap accession. An independent droplet-digital PCR study confirmed high-level AR gene amplification in VCaP, while a separate study experimentally detected AR protein by western blotting.; Sources: https://www.cellosaurus.org/CVCL_2235;https://pmc.ncbi.nlm.nih.gov/articles/PMC8745706/;https://pmc.ncbi.nlm.nih.gov/articles/PMC4909395/",yes,Suitable for both the AR amplification and AR protein-expression benchmarks. The positive judgement is supported by independent gene-copy and protein measurements.
AR,LNCaP clone FGC,ACH-000977,positive,both,activating_mutation;protein_expression,https://www.cellosaurus.org/CVCL_1379;https://pubmed.ncbi.nlm.nih.gov/24100013/,Cellosaurus confirms the LNCaP clone FGC identity and records the hemizygous AR p.Thr878Ala variant. An independent functional study characterized the historically named T877A variant as a nuclear-import gain-of-function mutation and experimentally detected endogenous AR protein in LNCaP cells.,Cellosaurus confirms the LNCaP clone FGC identity and records the hemizygous AR p.Thr878Ala variant. An independent functional study characterized the historically named T877A variant as a nuclear-import gain-of-function mutation and experimentally detected endogenous AR protein in LNCaP cells.; Sources: https://www.cellosaurus.org/CVCL_1379;https://pubmed.ncbi.nlm.nih.gov/24100013/,yes,Suitable for both the activating-alteration and AR protein-expression benchmarks. AR p.Thr878Ala and the historical T877A designation refer to the same variant under different numbering conventions.
DES,Rh41,ACH-000100,positive,expression_suitability,rna_expression,https://www.cellosaurus.org/CVCL_2176;https://pmc.ncbi.nlm.nih.gov/articles/PMC5356880/,"Cellosaurus confirms the Rh41 identity, alveolar rhabdomyosarcoma diagnosis and DepMap accession. An independent qRT-PCR study directly measured DESMIN RNA expression in Rh41 cells.","Cellosaurus confirms the Rh41 identity, alveolar rhabdomyosarcoma diagnosis and DepMap accession. An independent qRT-PCR study directly measured DESMIN RNA expression in Rh41 cells.; Sources: https://www.cellosaurus.org/CVCL_2176;https://pmc.ncbi.nlm.nih.gov/articles/PMC5356880/",yes,Suitable as a DES RNA-expression positive reference. The external study supports transcript expression but does not independently establish Desmin protein expression; the local proteomics value is retained only as a consistency check.
DES,RD,ACH-000169,positive,expression_suitability,protein_expression,https://www.cellosaurus.org/CVCL_1649;https://pmc.ncbi.nlm.nih.gov/articles/PMC3618045/,"Cellosaurus confirms the RD identity, rhabdomyosarcoma diagnosis and DepMap accession. An independent immunocytochemical study directly found RD cells positive for desmin protein expression.","Cellosaurus confirms the RD identity, rhabdomyosarcoma diagnosis and DepMap accession. An independent immunocytochemical study directly found RD cells positive for desmin protein expression.; Sources: https://www.cellosaurus.org/CVCL_1649;https://pmc.ncbi.nlm.nih.gov/articles/PMC3618045/",yes,Suitable as a DES protein-expression positive reference. The candidate-pool ATCC discontinuation flag appears outdated and should not be used as evidence against biological suitability.
DES,Rh18,ACH-000689,positive,expression_suitability,protein_expression,https://www.cellosaurus.org/CVCL_1659;https://scholars.uthscsa.edu/en/publications/characterization-of-cell-lines-derived-from-xenografts-of-childho/,"Cellosaurus identifies Rh18 as CVCL_1659 and maps it to DepMap ACH-000689. The original characterization study of Rh10, Rh18 and Rh28 reported antibody reactivity to desmin and vimentin, directly supporting Desmin protein expression in Rh18.","Cellosaurus identifies Rh18 as CVCL_1659 and maps it to DepMap ACH-000689. The original characterization study of Rh10, Rh18 and Rh28 reported antibody reactivity to desmin and vimentin, directly supporting Desmin protein expression in Rh18.; Sources: https://www.cellosaurus.org/CVCL_1659;https://scholars.uthscsa.edu/en/publications/characterization-of-cell-lines-derived-from-xenografts-of-childho/",yes,"Suitable as a DES protein-expression positive reference. The original study establishes antibody reactivity but does not quantify Desmin abundance. Rh18 has reported fusion-positive and fusion-negative variants, so this expression label must not be used to infer fusion status."
DES,Rh30,ACH-000833,positive,expression_suitability,protein_expression,https://www.cellosaurus.org/CVCL_0041;https://www.proteinatlas.org/ENSG00000175084-DES/subcellular/Rh30,Cellosaurus identifies Rh30 as CVCL_0041 and maps it to DepMap ACH-000833. An independent Human Protein Atlas immunofluorescence assay detected Desmin protein in Rh30 cells with localization to intermediate filaments.,Cellosaurus identifies Rh30 as CVCL_0041 and maps it to DepMap ACH-000833. An independent Human Protein Atlas immunofluorescence assay detected Desmin protein in Rh30 cells with localization to intermediate filaments.; Sources: https://www.cellosaurus.org/CVCL_0041;https://www.proteinatlas.org/ENSG00000175084-DES/subcellular/Rh30,yes,Use ACH-000833 as the canonical Rh30 representation in the benchmark. Human Protein Atlas immunofluorescence provides direct protein-expression evidence independent of the local CCLE-Gygi protein score. ACH-001189 represents the same Cellosaurus cell line and should not be counted as a second independent positive.
DES,JR,ACH-001096,positive,expression_suitability,protein_expression,https://www.cellosaurus.org/CVCL_RT33;https://pmc.ncbi.nlm.nih.gov/articles/PMC2593800/,"Cellosaurus identifies JR as CVCL_RT33, maps it to DepMap ACH-001096 and classifies it as an alveolar rhabdomyosarcoma cell line. An independent xenograft study explicitly reported that JR alveolar rhabdomyosarcoma tumors stained positive for Desmin and skeletal muscle-specific actin.","Cellosaurus identifies JR as CVCL_RT33, maps it to DepMap ACH-001096 and classifies it as an alveolar rhabdomyosarcoma cell line. An independent xenograft study explicitly reported that JR alveolar rhabdomyosarcoma tumors stained positive for Desmin and skeletal muscle-specific actin.; Sources: https://www.cellosaurus.org/CVCL_RT33;https://pmc.ncbi.nlm.nih.gov/articles/PMC2593800/",yes,Suitable as a DES protein-expression positive reference. JR CVCL_RT33 must not be confused with the distinct JR-1 CVCL_J063 embryonal rhabdomyosarcoma cell line. The independent evidence is Desmin immunohistochemistry in JR-derived xenograft tumors; it demonstrates protein detectability but not a standardized quantitative abundance.
DES,RMZ-RC2,ACH-001743,positive,expression_suitability,protein_expression,https://www.cellosaurus.org/CVCL_L510;https://pmc.ncbi.nlm.nih.gov/articles/PMC2001589/,"Cellosaurus confirms that RMZ-RC2 is CVCL_L510, maps it to DepMap ACH-001743 and identifies it as an alveolar rhabdomyosarcoma cell line derived as an RC2 subclone of RMZ. The original characterization study detected Desmin by immunofluorescence and reported that approximately 71.7% of RC2 cells expressed Desmin.","Cellosaurus confirms that RMZ-RC2 is CVCL_L510, maps it to DepMap ACH-001743 and identifies it as an alveolar rhabdomyosarcoma cell line derived as an RC2 subclone of RMZ. The original characterization study detected Desmin by immunofluorescence and reported that approximately 71.7% of RC2 cells expressed Desmin.; Sources: https://www.cellosaurus.org/CVCL_L510;https://pmc.ncbi.nlm.nih.gov/articles/PMC2001589/",yes,"Suitable as a DES protein-expression positive reference. The candidate-pool record has RNA evidence but no local proteomics value, while independent immunofluorescence directly establishes Desmin protein expression. The reported percentage comes from cytocentrifuged preparations and should not be treated as a standardized proteomic abundance."
DES,Rh36,ACH-001751,positive,expression_suitability,protein_expression,https://www.cellosaurus.org/CVCL_M599;https://pmc.ncbi.nlm.nih.gov/articles/PMC3094354/,"Cellosaurus confirms that Rh36 is CVCL_M599, maps it to DepMap ACH-001751 and identifies it as an embryonal rhabdomyosarcoma cell line. An independent study including Rh36 reported positive immunohistochemical staining for Desmin in xenografts generated from adherent and sphere-derived cells.","Cellosaurus confirms that Rh36 is CVCL_M599, maps it to DepMap ACH-001751 and identifies it as an embryonal rhabdomyosarcoma cell line. An independent study including Rh36 reported positive immunohistochemical staining for Desmin in xenografts generated from adherent and sphere-derived cells.; Sources: https://www.cellosaurus.org/CVCL_M599;https://pmc.ncbi.nlm.nih.gov/articles/PMC3094354/",yes,"Suitable as a DES protein-expression positive reference. This candidate is particularly useful because the local candidate-pool record has RNA evidence but no local proteomics measurement, while independent immunohistochemistry demonstrates detectable Desmin protein. The study supports protein detectability but does not provide a standardized quantitative abundance value."
DES,RMSYM,ACH-002048,positive,expression_suitability,protein_expression,https://www.cellosaurus.org/CVCL_A792;https://pmc.ncbi.nlm.nih.gov/articles/PMC1972520/,"Cellosaurus identifies RMS-YM, also named RMSYM, as CVCL_A792 and maps it to DepMap ACH-002048. The original cell-line characterization study directly reported expression of desmin and human myoglobin in RMS-YM.","Cellosaurus identifies RMS-YM, also named RMSYM, as CVCL_A792 and maps it to DepMap ACH-002048. The original cell-line characterization study directly reported expression of desmin and human myoglobin in RMS-YM.; Sources: https://www.cellosaurus.org/CVCL_A792;https://pmc.ncbi.nlm.nih.gov/articles/PMC1972520/",yes,Suitable as a DES protein-expression positive reference. The original study establishes Desmin expression but does not provide a modern standardized abundance measurement. The candidate-pool NOT_IN_CELLOSAURUS risk flag is outdated because RMS-YM now has the Cellosaurus accession CVCL_A792.
ESR1,MDA-MB-231,ACH-000768,negative,expression_suitability,low_expression,https://www.cellosaurus.org/CVCL_0062;https://pmc.ncbi.nlm.nih.gov/articles/PMC2668600/,Cellosaurus confirms the MDA-MB-231 identity and DepMap accession. An independent immunoblot study reported that ER-alpha protein was undetectable in MDA-MB-231 while it was detected in the ER-alpha-positive MCF-7 and T-47D controls.,Cellosaurus confirms the MDA-MB-231 identity and DepMap accession. An independent immunoblot study reported that ER-alpha protein was undetectable in MDA-MB-231 while it was detected in the ER-alpha-positive MCF-7 and T-47D controls.; Sources: https://www.cellosaurus.org/CVCL_0062;https://pmc.ncbi.nlm.nih.gov/articles/PMC2668600/,yes,Suitable as an ESR1 low-expression negative reference. The negative judgement is supported by direct protein measurement and is not inferred solely from its triple-negative breast cancer classification or internal RNA value.
ESR1,MCF-7,ACH-000019,positive,expression_suitability,protein_expression,https://www.cellosaurus.org/CVCL_0031;https://pmc.ncbi.nlm.nih.gov/articles/PMC2668600/,Cellosaurus confirms the MCF-7 identity and DepMap accession. An independent immunoblot study experimentally detected ER-alpha protein and classified MCF-7 as an ER-alpha-positive breast cancer cell line.,Cellosaurus confirms the MCF-7 identity and DepMap accession. An independent immunoblot study experimentally detected ER-alpha protein and classified MCF-7 as an ER-alpha-positive breast cancer cell line.; Sources: https://www.cellosaurus.org/CVCL_0031;https://pmc.ncbi.nlm.nih.gov/articles/PMC2668600/,yes,Suitable as an ESR1 expression-positive reference. The external label is based on experimentally detected ER-alpha protein rather than the internal RNA rank.
ESR1,T-47D,ACH-000147,positive,expression_suitability,protein_expression,https://www.cellosaurus.org/CVCL_0553;https://pmc.ncbi.nlm.nih.gov/articles/PMC2668600/,Cellosaurus confirms the T-47D identity and DepMap accession. An independent immunoblot study experimentally detected ER-alpha protein and classified T-47D as an ER-alpha-positive breast cancer cell line.,Cellosaurus confirms the T-47D identity and DepMap accession. An independent immunoblot study experimentally detected ER-alpha protein and classified T-47D as an ER-alpha-positive breast cancer cell line.; Sources: https://www.cellosaurus.org/CVCL_0553;https://pmc.ncbi.nlm.nih.gov/articles/PMC2668600/,yes,Suitable as an ESR1 expression-positive reference. The external label is based on experimentally detected ER-alpha protein rather than the internal RNA rank.
GFAP,KNS-81,ACH-000479,positive,expression_suitability,protein_expression,https://www.cellosaurus.org/CVCL_2799;https://doi.org/10.1007/s12031-014-0362-z,Cellosaurus confirms that KNS-81 is CVCL_2799 and maps it to DepMap ACH-000479. An independent study directly immunostained cultured astrocytoma cell lines and reported GFAP immunoreactivity in KNS-81 cells.,Cellosaurus confirms that KNS-81 is CVCL_2799 and maps it to DepMap ACH-000479. An independent study directly immunostained cultured astrocytoma cell lines and reported GFAP immunoreactivity in KNS-81 cells.; Sources: https://www.cellosaurus.org/CVCL_2799;https://doi.org/10.1007/s12031-014-0362-z,yes,"Suitable as a GFAP protein-expression positive reference. The evidence is cell-line-specific and based on direct immunostaining of cultured KNS-81 cells. Its slow growth should be considered when assessing assay practicality, but does not invalidate the GFAP-positive biological label. Local RNA and proteomics values are retained only as consistency checks."
GFAP,KNS-42,ACH-000622,positive,expression_suitability,protein_expression,https://www.cellosaurus.org/CVCL_0378;https://www.jstage.jst.go.jp/article/nmc1959/27/7/27_7_581/_article,"Cellosaurus confirms that KNS-42 is CVCL_0378 and maps it to DepMap ACH-000622. The original characterization study directly detected GFAP in KNS-42, reporting expression in most cells under sparse-culture conditions and quantifying GFAP at 530 to 990 ng per mg of protein.","Cellosaurus confirms that KNS-42 is CVCL_0378 and maps it to DepMap ACH-000622. The original characterization study directly detected GFAP in KNS-42, reporting expression in most cells under sparse-culture conditions and quantifying GFAP at 530 to 990 ng per mg of protein.; Sources: https://www.cellosaurus.org/CVCL_0378;https://www.jstage.jst.go.jp/article/nmc1959/27/7/27_7_581/_article",yes,"Suitable as a GFAP protein-expression positive reference. The original study provides direct immunochemical and quantitative protein evidence. GFAP abundance depended on cell density, so culture conditions should be disclosed when interpreting experimental suitability. Local RNA and proteomics values are retained only as consistency checks."
GFAP,SNB-19,ACH-001198,positive,expression_suitability,protein_expression,https://www.cellosaurus.org/CVCL_0535;https://pure.port.ac.uk/ws/portalfiles/portal/3398659/Silencing_of_CD44.pdf,"Cellosaurus maps SNB-19 to CVCL_0535 and DepMap ACH-001198, but identifies it as a contaminated U-251MG derivative. An independent peer-reviewed study directly detected GFAP protein in control SNB-19 cells using immunocytochemistry, flow cytometry and Western blotting. Figure 2 shows GFAP-positive staining and GFAP Western-blot detection in SNB-19 cells.","Cellosaurus maps SNB-19 to CVCL_0535 and DepMap ACH-001198, but identifies it as a contaminated U-251MG derivative. An independent peer-reviewed study directly detected GFAP protein in control SNB-19 cells using immunocytochemistry, flow cytometry and Western blotting. Figure 2 shows GFAP-positive staining and GFAP Western-blot detection in SNB-19 cells.; Sources: https://www.cellosaurus.org/CVCL_0535;https://pure.port.ac.uk/ws/portalfiles/portal/3398659/Silencing_of_CD44.pdf",yes,"GFAP protein expression is verified for the material distributed and studied as SNB-19. However, because SNB-19 is a contaminated U-251MG derivative, it must not be presented as an independent glioblastoma cell-line model. Retain it for molecular expression evaluation while preserving the problematic-cell-line warning."
MET,K-562,ACH-000551,negative,expression_suitability,low_expression,https://www.cellosaurus.org/CVCL_0004;https://pmc.ncbi.nlm.nih.gov/articles/PMC3421954/,"Cellosaurus confirms the K-562 identity and DepMap accession. An independent study detected c-MET mRNA and low cell-surface c-MET in K-562, with lower surface expression than KU812.","Cellosaurus confirms the K-562 identity and DepMap accession. An independent study detected c-MET mRNA and low cell-surface c-MET in K-562, with lower surface expression than KU812.; Sources: https://www.cellosaurus.org/CVCL_0004;https://pmc.ncbi.nlm.nih.gov/articles/PMC3421954/",yes,"Suitable only as a MET low-expression comparator, not as a complete MET-null control. Do not describe K-562 as entirely lacking MET expression."
MET,Detroit 562,ACH-000207,positive,expression_suitability,rna_expression;protein_expression,https://www.cellosaurus.org/CVCL_1171;https://pmc.ncbi.nlm.nih.gov/articles/PMC7013520/,"Cellosaurus confirms Detroit 562 as CVCL_1171 and maps it to DepMap ACH-000207. An independent study reported significantly higher MET mRNA and MET protein levels in Detroit 562, based on RNA sequencing and immunoblotting.","Cellosaurus confirms Detroit 562 as CVCL_1171 and maps it to DepMap ACH-000207. An independent study reported significantly higher MET mRNA and MET protein levels in Detroit 562, based on RNA sequencing and immunoblotting.; Sources: https://www.cellosaurus.org/CVCL_1171;https://pmc.ncbi.nlm.nih.gov/articles/PMC7013520/",yes,Suitable as a verified MET RNA- and protein-expression positive reference. The study supports expression but does not establish MET amplification or another activating MET alteration.
MET,SNU-620,ACH-000325,positive,both,gene_amplification;protein_expression,https://www.cellosaurus.org/CVCL_5079;https://pmc.ncbi.nlm.nih.gov/articles/PMC4722623/;https://pmc.ncbi.nlm.nih.gov/articles/PMC9318186/,"Cellosaurus confirms SNU-620 as CVCL_5079, maps it to DepMap ACH-000325 and records it as MET-amplified. An independent targeted-NGS study reported a MET copy number of 60 in SNU620 and directly detected high p-MET and MET protein expression by Western blotting. A separate study also reported high total and phosphorylated c-Met protein levels in SNU-620.","Cellosaurus confirms SNU-620 as CVCL_5079, maps it to DepMap ACH-000325 and records it as MET-amplified. An independent targeted-NGS study reported a MET copy number of 60 in SNU620 and directly detected high p-MET and MET protein expression by Western blotting. A separate study also reported high total and phosphorylated c-Met protein levels in SNU-620.; Sources: https://www.cellosaurus.org/CVCL_5079;https://pmc.ncbi.nlm.nih.gov/articles/PMC4722623/;https://pmc.ncbi.nlm.nih.gov/articles/PMC9318186/",yes,Strong positive reference for both MET expression and MET amplification. The local NO ALTERATION status reflects missing alteration evidence in the merged input and does not override the independently verified MET amplification.
MET,EBC-1,ACH-000563,positive,both,gene_amplification;protein_expression,https://www.cellosaurus.org/CVCL_2891;https://pmc.ncbi.nlm.nih.gov/articles/PMC6639226/;https://pubmed.ncbi.nlm.nih.gov/21208906/,Cellosaurus confirms the EBC-1 identity and DepMap accession. Independent studies identify EBC-1 as a MET-amplified lung cancer cell line and experimentally assessed MET protein by western blotting.,Cellosaurus confirms the EBC-1 identity and DepMap accession. Independent studies identify EBC-1 as a MET-amplified lung cancer cell line and experimentally assessed MET protein by western blotting.; Sources: https://www.cellosaurus.org/CVCL_2891;https://pmc.ncbi.nlm.nih.gov/articles/PMC6639226/;https://pubmed.ncbi.nlm.nih.gov/21208906/,yes,Suitable for both the MET alteration and expression-suitability benchmarks. The label is supported by independent genomic and protein-level evidence.
MET,Hs 746.T,ACH-000616,positive,both,gene_amplification;exon14_skipping;protein_expression,https://www.cellosaurus.org/CVCL_0333;https://pmc.ncbi.nlm.nih.gov/articles/PMC3719377/,"Cellosaurus confirms the Hs 746.T identity, DepMap accession and MET amplification. An independent sequencing study identified focal MET amplification, an intron-13 splice-site mutation, an exon-14-skipped transcript and high MET protein expression in this cell line.","Cellosaurus confirms the Hs 746.T identity, DepMap accession and MET amplification. An independent sequencing study identified focal MET amplification, an intron-13 splice-site mutation, an exon-14-skipped transcript and high MET protein expression in this cell line.; Sources: https://www.cellosaurus.org/CVCL_0333;https://pmc.ncbi.nlm.nih.gov/articles/PMC3719377/",yes,Suitable for both the MET alteration and expression-suitability benchmarks. The exon 14 skipping and amplification should be treated as distinct alteration evidence.
MET,ESO-51,ACH-001497,positive,both,gene_amplification;protein_expression,https://www.cellosaurus.org/CVCL_2036;https://pubmed.ncbi.nlm.nih.gov/29223420/;https://mdanderson.elsevierpure.com/en/publications/her2-confers-resistance-to-foretinib-inhibition-of-met-amplified-/;https://pmc.ncbi.nlm.nih.gov/articles/PMC6879590/,"Cellosaurus confirms ESO-51 as CVCL_2036. A peer-reviewed study reported that ESO51 has MET gene amplification and MET overexpression, based on molecular characterization including Western blot analysis. An independent study also detected predominantly phosphorylated MET together with total MET protein in ESO51.","Cellosaurus confirms ESO-51 as CVCL_2036. A peer-reviewed study reported that ESO51 has MET gene amplification and MET overexpression, based on molecular characterization including Western blot analysis. An independent study also detected predominantly phosphorylated MET together with total MET protein in ESO51.; Sources: https://www.cellosaurus.org/CVCL_2036;https://pubmed.ncbi.nlm.nih.gov/29223420/;https://mdanderson.elsevierpure.com/en/publications/her2-confers-resistance-to-foretinib-inhibition-of-met-amplified-/;https://pmc.ncbi.nlm.nih.gov/articles/PMC6879590/",yes,Strong positive reference for both MET amplification and MET protein expression. The local NO ALTERATION status reflects missing alteration evidence in the merged input and should not override the independently reported MET amplification.
MITF,SK-MEL-3,ACH-000423,positive,expression_suitability,rna_expression;protein_expression,https://www.cellosaurus.org/CVCL_0550;https://pmc.ncbi.nlm.nih.gov/articles/PMC6704444/;https://www.spandidos-publications.com/10.3892/ijo.2016.3596/download,"Cellosaurus confirms SK-MEL-3 as CVCL_0550 and maps it to DepMap ACH-000423. Independent studies measured endogenous MITF in SK-MEL-3, including MITF protein by western blotting and treatment-associated changes at both mRNA and protein levels.","Cellosaurus confirms SK-MEL-3 as CVCL_0550 and maps it to DepMap ACH-000423. Independent studies measured endogenous MITF in SK-MEL-3, including MITF protein by western blotting and treatment-associated changes at both mRNA and protein levels.; Sources: https://www.cellosaurus.org/CVCL_0550;https://pmc.ncbi.nlm.nih.gov/articles/PMC6704444/;https://www.spandidos-publications.com/10.3892/ijo.2016.3596/download",yes,Suitable as an MITF expression-positive reference based on direct protein and RNA measurements.
MITF,G-361,ACH-000572,positive,expression_suitability,rna_expression;protein_expression,https://www.cellosaurus.org/CVCL_1220;https://aacrjournals.org/cancerres/article/62/7/2098/509770/The-Melanocyte-specific-Isoform-of-the;https://pmc.ncbi.nlm.nih.gov/articles/PMC4985490/,Cellosaurus confirms G-361 as CVCL_1220 and maps it to DepMap ACH-000572. An independent study classified G361 as an MITF-M-positive melanoma cell line using MITF-M-specific RT-PCR. A separate study directly detected MITF-M protein in untreated G-361 control cells by Western blotting and demonstrated its downregulation after treatment.,Cellosaurus confirms G-361 as CVCL_1220 and maps it to DepMap ACH-000572. An independent study classified G361 as an MITF-M-positive melanoma cell line using MITF-M-specific RT-PCR. A separate study directly detected MITF-M protein in untreated G-361 control cells by Western blotting and demonstrated its downregulation after treatment.; Sources: https://www.cellosaurus.org/CVCL_1220;https://aacrjournals.org/cancerres/article/62/7/2098/509770/The-Melanocyte-specific-Isoform-of-the;https://pmc.ncbi.nlm.nih.gov/articles/PMC4985490/,yes,Suitable as a verified MITF RNA- and protein-expression positive reference. The BRAF V600E mutation is relevant biological context but is not itself evidence of an MITF alteration.
MITF,UACC-257,ACH-000579,positive,expression_suitability,gene_amplification;protein_expression,https://www.cellosaurus.org/CVCL_1779;https://pmc.ncbi.nlm.nih.gov/articles/PMC3203758/;https://pmc.ncbi.nlm.nih.gov/articles/PMC4823922/,Cellosaurus confirms UACC-257 as CVCL_1779 and maps it to DepMap ACH-000579. Independent studies describe UACC-257 as an MITF-amplified melanoma cell line and directly assessed MITF protein in UACC-257 by immunoblotting.,Cellosaurus confirms UACC-257 as CVCL_1779 and maps it to DepMap ACH-000579. Independent studies describe UACC-257 as an MITF-amplified melanoma cell line and directly assessed MITF protein in UACC-257 by immunoblotting.; Sources: https://www.cellosaurus.org/CVCL_1779;https://pmc.ncbi.nlm.nih.gov/articles/PMC3203758/;https://pmc.ncbi.nlm.nih.gov/articles/PMC4823922/,yes,Suitable as an MITF-positive reference supported by both gene amplification and direct protein measurement. The no-growth-pattern flag affects assay documentation but not the biological positive label.
MITF,RVH-421,ACH-000614,positive,expression_suitability,rna_expression,https://www.cellosaurus.org/CVCL_1672;https://maayanlab.cloud/Harmonizome/gene_set/RVH-421/GDSC%2BCell%2BLine%2BGene%2BExpression%2BProfiles,"Cellosaurus confirms RVH-421 as melanoma cell line CVCL_1672. In the independent GDSC Cell Line Gene Expression Profiles table, MITF is listed among genes with high expression in RVH-421, with a standardized value of 1.48209.","Cellosaurus confirms RVH-421 as melanoma cell line CVCL_1672. In the independent GDSC Cell Line Gene Expression Profiles table, MITF is listed among genes with high expression in RVH-421, with a standardized value of 1.48209.; Sources: https://www.cellosaurus.org/CVCL_1672;https://maayanlab.cloud/Harmonizome/gene_set/RVH-421/GDSC%2BCell%2BLine%2BGene%2BExpression%2BProfiles",yes,Verification is based on a directly inspectable GDSC quantitative expression table rather than a narrative statement in a paper. It supports RNA expression only; no independent MITF protein assay was verified.
MITF,IGR-37,ACH-000650,positive,expression_suitability,protein_expression,https://www.cellosaurus.org/CVCL_2075;https://genesdev.cshlp.org/content/38/1-2/70.full;https://ora.ox.ac.uk/objects/uuid%3A9265ac45-63b2-47e0-9739-af09900b095f/files/rq811kj88d,Cellosaurus confirms IGR-37 as CVCL_2075 and maps it to DepMap ACH-000650. Independent studies classify IGR-37 as an MITF-high or MITF-positive melanoma cell line and directly detect MITF protein by western blotting.,Cellosaurus confirms IGR-37 as CVCL_2075 and maps it to DepMap ACH-000650. Independent studies classify IGR-37 as an MITF-high or MITF-positive melanoma cell line and directly detect MITF protein by western blotting.; Sources: https://www.cellosaurus.org/CVCL_2075;https://genesdev.cshlp.org/content/38/1-2/70.full;https://ora.ox.ac.uk/objects/uuid%3A9265ac45-63b2-47e0-9739-af09900b095f/files/rq811kj88d,yes,Suitable as an MITF protein-expression positive reference. Its slow growth should be retained as a practical assay-planning consideration.
MITF,MeWo,ACH-000987,positive,expression_suitability,rna_expression;protein_expression,https://www.cellosaurus.org/CVCL_0445;https://pmc.ncbi.nlm.nih.gov/articles/PMC4035502/;https://onlinelibrary.wiley.com/doi/10.1111/j.1755-148X.2009.00652.x,Cellosaurus confirms MeWo as cutaneous melanoma cell line CVCL_0445 and maps it to DepMap ACH-000987. An independent semi-quantitative RT-PCR study detected MITF transcripts in MeWo. A separate study directly detected endogenous MITF-M protein in MeWo by Western blotting and immunofluorescence,Cellosaurus confirms MeWo as cutaneous melanoma cell line CVCL_0445 and maps it to DepMap ACH-000987. An independent semi-quantitative RT-PCR study detected MITF transcripts in MeWo. A separate study directly detected endogenous MITF-M protein in MeWo by Western blotting and immunofluorescence; Sources: https://www.cellosaurus.org/CVCL_0445;https://pmc.ncbi.nlm.nih.gov/articles/PMC4035502/;https://onlinelibrary.wiley.com/doi/10.1111/j.1755-148X.2009.00652.x,yes,"Suitable as a verified MITF RNA- and protein-expression positive. MeWo was described as having intermediate MITF protein relative to the other melanoma lines studied, so positive should not be interpreted as maximally high expression."
MSLN,Capan-2,ACH-000107,positive,expression_suitability,protein_expression;cell_surface_expression,https://www.cellosaurus.org/CVCL_0026;https://pmc.ncbi.nlm.nih.gov/articles/PMC7912898/,"Cellosaurus confirms Capan-2 as CVCL_0026 and maps it to DepMap ACH-000107. An independent study measured mesothelin by western blotting, FACS and immunocytochemistry and reported that Capan-2 showed the strongest mesothelin expression among four pancreatic cancer cell lines.","Cellosaurus confirms Capan-2 as CVCL_0026 and maps it to DepMap ACH-000107. An independent study measured mesothelin by western blotting, FACS and immunocytochemistry and reported that Capan-2 showed the strongest mesothelin expression among four pancreatic cancer cell lines.; Sources: https://www.cellosaurus.org/CVCL_0026;https://pmc.ncbi.nlm.nih.gov/articles/PMC7912898/",yes,Suitable as an MSLN-high expression positive reference. The slow-growth warning affects practical assay planning but does not invalidate the biological positive label.
MSLN,HuP-T3,ACH-000118,positive,expression_suitability,protein_expression,https://www.cellosaurus.org/CVCL_1299;https://pmc.ncbi.nlm.nih.gov/articles/PMC9929516/,"Cellosaurus confirms HuP-T3 as pancreatic carcinoma cell line CVCL_1299 and maps it to DepMap ACH-000118. An independent study directly described HuP-T3 as endogenously expressing MSLN at a moderate level. Figure 1A shows endogenous MSLN expression, and MSLN knockout abolished MSLN CAR T-cell killing.","Cellosaurus confirms HuP-T3 as pancreatic carcinoma cell line CVCL_1299 and maps it to DepMap ACH-000118. An independent study directly described HuP-T3 as endogenously expressing MSLN at a moderate level. Figure 1A shows endogenous MSLN expression, and MSLN knockout abolished MSLN CAR T-cell killing.; Sources: https://www.cellosaurus.org/CVCL_1299;https://pmc.ncbi.nlm.nih.gov/articles/PMC9929516/",yes,"Suitable as a verified endogenous MSLN protein-expression positive and as an assay-relevant cell-surface antigen model. The evidence does not independently establish MSLN RNA expression, so only protein_expression is assigned."
MSLN,AsPC-1,ACH-000222,positive,expression_suitability,rna_expression;protein_expression,https://www.cellosaurus.org/CVCL_0152;https://pmc.ncbi.nlm.nih.gov/articles/PMC3585882/,Cellosaurus confirms AsPC-1 as pancreatic ductal adenocarcinoma cell line CVCL_0152 and maps it to DepMap ACH-000222. An independent study detected rich endogenous MSLN protein expression by Western blot and rich MSLN mRNA expression by RT-PCR in AsPC-1.,Cellosaurus confirms AsPC-1 as pancreatic ductal adenocarcinoma cell line CVCL_0152 and maps it to DepMap ACH-000222. An independent study detected rich endogenous MSLN protein expression by Western blot and rich MSLN mRNA expression by RT-PCR in AsPC-1.; Sources: https://www.cellosaurus.org/CVCL_0152;https://pmc.ncbi.nlm.nih.gov/articles/PMC3585882/,yes,Suitable as a verified MSLN RNA- and protein-expression positive. The external study supports endogenous expression independently of the local ranking inputs; positive does not necessarily mean the highest expression among all candidate cell lines.
MSLN,COV644,ACH-000608,positive,expression_suitability,protein_expression,https://www.cellosaurus.org/CVCL_2425;https://www.frontiersin.org/journals/chemical-biology/articles/10.3389/fchbi.2024.1408621/full,Cellosaurus confirms COV644 as ovarian mucinous adenocarcinoma cell line CVCL_2425 and maps it to DepMap ACH-000608. An independent study directly detected antibody binding to membrane-associated MSLN on COV644 cells by flow cytometry.,Cellosaurus confirms COV644 as ovarian mucinous adenocarcinoma cell line CVCL_2425 and maps it to DepMap ACH-000608. An independent study directly detected antibody binding to membrane-associated MSLN on COV644 cells by flow cytometry.; Sources: https://www.cellosaurus.org/CVCL_2425;https://www.frontiersin.org/journals/chemical-biology/articles/10.3389/fchbi.2024.1408621/full,yes,"Suitable as a verified cell-surface MSLN protein-expression positive. No independent direct MSLN RNA measurement is assigned. The reported long doubling time of approximately 188 hours is an assay-compatibility caveat, not evidence against MSLN expression."
PTPRC,Loucy,ACH-000104,positive,expression_suitability,protein_expression,https://www.cellosaurus.org/CVCL_1380;https://jci.org/articles/view/141566,"Cellosaurus confirms that Loucy is CVCL_1380 and maps it to DepMap ACH-000104. An independent xenograft study quantified human CD45-positive cells by flow cytometry after inoculation with transduced LOUCY cells, providing direct evidence that the Loucy cells express cell-surface CD45/PTPRC protein.","Cellosaurus confirms that Loucy is CVCL_1380 and maps it to DepMap ACH-000104. An independent xenograft study quantified human CD45-positive cells by flow cytometry after inoculation with transduced LOUCY cells, providing direct evidence that the Loucy cells express cell-surface CD45/PTPRC protein.; Sources: https://www.cellosaurus.org/CVCL_1380;https://jci.org/articles/view/141566",yes,Suitable as a PTPRC/CD45 protein-expression positive reference. The evidence comes from anti-human CD45 flow cytometry in a Loucy xenograft model. Local RNA values are retained only as an internal consistency check.
PTPRC,SUP-T11,ACH-000122,positive,expression_suitability,protein_expression,https://www.cellosaurus.org/CVCL_2210;https://pmc.ncbi.nlm.nih.gov/articles/PMC7585232/,"Cellosaurus confirms that SUP-T11 is CVCL_2210 and maps it to DepMap ACH-000122. An independent immunophenotyping study reported intense CD45RA expression in SUP-T11 cells and used anti-human CD45 antibodies to identify SUP-T11 cells, providing direct evidence of CD45/PTPRC protein expression.","Cellosaurus confirms that SUP-T11 is CVCL_2210 and maps it to DepMap ACH-000122. An independent immunophenotyping study reported intense CD45RA expression in SUP-T11 cells and used anti-human CD45 antibodies to identify SUP-T11 cells, providing direct evidence of CD45/PTPRC protein expression.; Sources: https://www.cellosaurus.org/CVCL_2210;https://pmc.ncbi.nlm.nih.gov/articles/PMC7585232/",yes,Suitable as a PTPRC/CD45 protein-expression positive reference. CD45RA is a cell-surface isoform of the PTPRC gene product. The external immunophenotyping evidence is independent of the local RNA ranking.
PTPRC,Karpas-422,ACH-000315,positive,expression_suitability,protein_expression,https://www.cellosaurus.org/CVCL_1325;https://pubmed.ncbi.nlm.nih.gov/2297573/;https://www.researchgate.net/publication/20857657_A_New_Human_B-Cell_Non-Hodgkin%27s_Lymphoma_Cell_Line_Karpas_422_Exhibiting_Both_t_1418_and_t4ll_Chromosomal_Translocations,"Cellosaurus confirms Karpas-422 as CVCL_1325 and maps it to DepMap ACH-000315. The original cell-line characterization study used flow cytometry and reported strong CD45 and CD45R expression, with both markers scored as strongly positive in Table 1.","Cellosaurus confirms Karpas-422 as CVCL_1325 and maps it to DepMap ACH-000315. The original cell-line characterization study used flow cytometry and reported strong CD45 and CD45R expression, with both markers scored as strongly positive in Table 1.; Sources: https://www.cellosaurus.org/CVCL_1325;https://pubmed.ncbi.nlm.nih.gov/2297573/;https://www.researchgate.net/publication/20857657_A_New_Human_B-Cell_Non-Hodgkin%27s_Lymphoma_Cell_Line_Karpas_422_Exhibiting_Both_t_1418_and_t4ll_Chromosomal_Translocations",yes,"Suitable as a PTPRC/CD45 protein-expression positive reference. The discontinued DSMZ record, slow growth and missing growth-pattern information affect practical assay suitability but do not invalidate the biological positive label."
PTPRC,SR,ACH-000338,positive,expression_suitability,protein_expression,https://www.cellosaurus.org/CVCL_1711;https://www.atcc.org/products/crl-2262;https://doc.abcam.com/legacy-unpublished/datasheets/com/datasheet_18613.pdf,"Cellosaurus confirms that SR is CVCL_1711 and maps it to DepMap ACH-000338. ATCC reports Hle-1-positive antigen expression in SR, and Hle-1 is an anti-CD45 antibody, providing direct evidence of cell-surface CD45/PTPRC protein expression.","Cellosaurus confirms that SR is CVCL_1711 and maps it to DepMap ACH-000338. ATCC reports Hle-1-positive antigen expression in SR, and Hle-1 is an anti-CD45 antibody, providing direct evidence of cell-surface CD45/PTPRC protein expression.; Sources: https://www.cellosaurus.org/CVCL_1711;https://www.atcc.org/products/crl-2262;https://doc.abcam.com/legacy-unpublished/datasheets/com/datasheet_18613.pdf",yes,Suitable as a PTPRC/CD45 protein-expression positive reference. The discontinued DepMap identifier and absent growth-pattern information affect practical assay suitability but do not invalidate the external CD45-positive biological label.
PTPRC,RL,ACH-000371,positive,expression_suitability,protein_expression,https://www.cellosaurus.org/CVCL_1660;https://www.atcc.org/products/crl-2261;https://doc.abcam.com/legacy-unpublished/datasheets/com/datasheet_18613.pdf,"Cellosaurus confirms that RL is CVCL_1660 and maps it to DepMap ACH-000371. ATCC reports Hle-1-positive antigen expression in RL, and the Hle-1 antibody is an anti-CD45 antibody, providing direct evidence of cell-surface CD45/PTPRC expression.","Cellosaurus confirms that RL is CVCL_1660 and maps it to DepMap ACH-000371. ATCC reports Hle-1-positive antigen expression in RL, and the Hle-1 antibody is an anti-CD45 antibody, providing direct evidence of cell-surface CD45/PTPRC expression.; Sources: https://www.cellosaurus.org/CVCL_1660;https://www.atcc.org/products/crl-2261;https://doc.abcam.com/legacy-unpublished/datasheets/com/datasheet_18613.pdf",yes,Suitable as a PTPRC/CD45 protein-expression positive reference. The label is supported by direct cell-surface antigen testing rather than inferred from lymphoma lineage or internal RNA/proteomics values.
PTPRC,F-36P,ACH-000487,positive,expression_suitability,protein_expression,https://www.cellosaurus.org/CVCL_2037;https://www.culturecollections.org.uk/nop/product/f-36p,"Cellosaurus confirms F-36P as CVCL_2037 and maps it to DepMap ACH-000487. The authenticated ECACC cell-bank record reports that F-36P is positive for leukocyte common antigen CD45, together with CD13, CD33 and CD34.","Cellosaurus confirms F-36P as CVCL_2037 and maps it to DepMap ACH-000487. The authenticated ECACC cell-bank record reports that F-36P is positive for leukocyte common antigen CD45, together with CD13, CD33 and CD34.; Sources: https://www.cellosaurus.org/CVCL_2037;https://www.culturecollections.org.uk/nop/product/f-36p",yes,"Suitable as a PTPRC/CD45 protein-expression positive reference based on the authenticated ECACC immunophenotype record. F-36P is cytokine-dependent, but this culture requirement does not invalidate the CD45-positive biological label."
PTPRC,SU-DHL-6,ACH-000611,positive,expression_suitability,protein_expression,https://www.cellosaurus.org/CVCL_2206;https://pmc.ncbi.nlm.nih.gov/articles/PMC5338041/,"Cellosaurus confirms SU-DHL-6 as CVCL_2206 and maps it to DepMap ACH-000611. An independent immunohistochemical study detected CD45 in SU-DHL-6 at all tested antibody concentrations with or without antigen retrieval, and Table 5 reports a strong LCA/CD45 staining score of +3.","Cellosaurus confirms SU-DHL-6 as CVCL_2206 and maps it to DepMap ACH-000611. An independent immunohistochemical study detected CD45 in SU-DHL-6 at all tested antibody concentrations with or without antigen retrieval, and Table 5 reports a strong LCA/CD45 staining score of +3.; Sources: https://www.cellosaurus.org/CVCL_2206;https://pmc.ncbi.nlm.nih.gov/articles/PMC5338041/",yes,Suitable as a PTPRC/CD45 protein-expression positive reference based on direct immunohistochemical detection. The result contrasts with the CD45-negative staining reported for SU-DHL-4 in the same experiment.
PTPRC,HuT 102,ACH-000612,positive,expression_suitability,protein_expression,https://www.cellosaurus.org/CVCL_3526;https://www.oncotarget.com/article/21619/text/,Cellosaurus confirms HuT 102 as CVCL_3526 and maps it to DepMap ACH-000612. An independent CTCL cell-line study included Hut102 and reported that the CD45RO protein isoform was strongly expressed in all examined cell lines using immunohistochemical analysis of xenograft tumors.,Cellosaurus confirms HuT 102 as CVCL_3526 and maps it to DepMap ACH-000612. An independent CTCL cell-line study included Hut102 and reported that the CD45RO protein isoform was strongly expressed in all examined cell lines using immunohistochemical analysis of xenograft tumors.; Sources: https://www.cellosaurus.org/CVCL_3526;https://www.oncotarget.com/article/21619/text/,yes,Suitable as a PTPRC/CD45 protein-expression positive reference. The external result specifically measures the CD45RO protein isoform in xenograft tissue rather than total CD45 in cultured cells; this distinction should be retained in the audit record.
PTPRC,HT,ACH-000914,positive,expression_suitability,protein_expression,https://www.cellosaurus.org/CVCL_1290;https://www.atcc.org/products/crl-2260;https://doc.abcam.com/legacy-unpublished/datasheets/com/datasheet_18613.pdf,"Cellosaurus confirms HT as CVCL_1290 and maps it to DepMap ACH-000914. ATCC reports Hle-1-positive antigen expression in HT, and Hle-1 is an anti-CD45 antibody, providing direct evidence of cell-surface CD45/PTPRC protein expression.","Cellosaurus confirms HT as CVCL_1290 and maps it to DepMap ACH-000914. ATCC reports Hle-1-positive antigen expression in HT, and Hle-1 is an anti-CD45 antibody, providing direct evidence of cell-surface CD45/PTPRC protein expression.; Sources: https://www.cellosaurus.org/CVCL_1290;https://www.atcc.org/products/crl-2260;https://doc.abcam.com/legacy-unpublished/datasheets/com/datasheet_18613.pdf",yes,Suitable as a PTPRC/CD45 protein-expression positive reference based on the authenticated ATCC immunophenotype. Missing growth-pattern information affects practical assay documentation but does not invalidate the biological positive label.
